id,name,url,category_breadcrumb,price_number,mediaURL_image,ratingAverage,discountPercentage,shop_id,shop_name,shop_city,shop_tier,countSold,isTopAds,labelGroups,totalRating,countReview
100022879718,Kemeja Polos Pria Lengan Panjang Katun Premium Baju Kerja Kampus Kondangan Kantor Formal Casual Santai Nyaman Simple Navy Putih Hitam Slimfit kerah Kancing Variasi Hem,https://www.tokopedia.com/koel-toko/kemeja-polos-pria-lengan-panjang-katun-premium-baju-kerja-kampus-kondangan-kantor-formal-casual-santai-nyaman-simple-navy-putih-hitam-slimfit-kerah-kancing-variasi-hem-1729631591021577981?extParam=ivf%3Dfalse%26keyword%3Dkemejapria%26search_id%3D20251227171509CD00692C3BFE59066S8L%26src%3Dsearch,fashion-pria/atasan-pria/kemeja-pria,35000,https://p16-images-sign-sg.tokopedia-static.net/tos-alisg-i-aphluv4xwc-sg/14f0a5a7e2084f4c9fa3abc158176385~tplv-aphluv4xwc-white-pad-v1:200:200.jpeg?lk3s=97278606&x-expires=1766859310&x-signature=ZpH2%2F4zy7E4w14rBwArMJLecP5Q%3D&x-signature-webp=bKfBpyTsIAMdttGI85gKzOrPckk%3D,4.8,0,7495767805743172349,Koel Toko,Kab. Pekalongan,3,50000.0,False,"[{""position"": ""ri_product_credibility"", ""title"": ""50rb+ terjual"", ""type"": """", ""url"": """", ""styles"": [], ""__typename"": ""SearchProductV5LabelGroups""}, {""position"": ""overlay_1"", ""title"": ""Campaign"", ""type"": """", ""url"": ""https://p16-uploadpedia-sg.tokopedia.net/tos-alisg-i-zxty12jeln-sg/123.png~tplv-zxty12jeln-image.image"", ""styles"": [], ""__typename"": ""SearchProductV5LabelGroups""}, {""position"": ""final_price"", ""title"": ""Rp35.000"", ""type"": """", ""url"": """", ""styles"": [{""key"": ""text-color"", ""value"": ""#080808"", ""__typename"": ""SearchProductV5LabelGroupsStyle""}], ""__typename"": ""SearchProductV5LabelGroups""}]",11259,4713
14094638275,Kemeja GUESS import premium// kemeja formal lengan pendek pria// kemeja pendek lengan kasual // kemeja GUESS kotak-kotak,https://www.tokopedia.com/mens-clothing-collection/kemeja-guess-import-premium-kemeja-formal-lengan-pendek-pria-kemeja-pendek-lengan-kasual-kemeja-guess-kotak-kotak-biru-s-a9102?extParam=ivf%3Dfalse%26keyword%3Dkemejapria%26search_id%3D20251227171509CD00692C3BFE59066S8L%26src%3Dsearch,fashion-pria/atasan-pria/kemeja-pria,86000,https://p16-images-sign-sg.tokopedia-static.net/tos-alisg-i-aphluv4xwc-sg/img/VqbcmM/2024/8/4/131a39ff-6e5a-407c-b921-a12c74b81602.jpg~tplv-aphluv4xwc-white-pad-v1:200:200.jpeg?lk3s=97278606&x-expires=1766859310&x-signature=ZcB%2BXPB8OHJ8tLqvWpZLICFMbQA%3D&x-signature-webp=PJSi1te4NzPXv6M5iRbwe8JuVgs%3D,4.8,0,17677323,Men's Clothing Collection,Tangerang,3,2000.0,False,"[{""position"": ""ri_product_credibility"", ""title"": ""2rb+ terjual"", ""type"": """", ""url"": """", ""styles"": [], ""__typename"": ""SearchProductV5LabelGroups""}, {""position"": ""overlay_1"", ""title"": ""Campaign"", ""type"": """", ""url"": ""https://p16-uploadpedia-sg.tokopedia.net/tos-alisg-i-zxty12jeln-sg/123.png~tplv-zxty12jeln-image.image"", ""styles"": [], ""__typename"": ""SearchProductV5LabelGroups""}, {""position"": ""final_price"", ""title"": ""Rp86.000"", ""type"": """", ""url"": """", ""styles"": [{""key"": ""text-color"", ""value"": ""#080808"", ""__typename"": ""SearchProductV5LabelGroupsStyle""}], ""__typename"": ""SearchProductV5LabelGroups""}]",991,277
100153823825,COZYCLUB Long Sleeve Linen Shirt | Kemeja Pria Kerah Lengan Panjang Baju Dark Grey Beige,https://www.tokopedia.com/cozyclub/cozyclub-long-sleeve-linen-shirt-kemeja-pria-kerah-lengan-panjang-baju-dark-grey-beige-1729711385646893505?extParam=ivf%3Dfalse%26keyword%3Dkemejapria%26search_id%3D20251227171509CD00692C3BFE59066S8L%26src%3Dsearch,fashion-pria/atasan-pria/kemeja-pria,109000,https://p16-images-common-sign-sg.tokopedia-static.net/tos-maliva-i-o3syd03w52-us/5f750c6b40114c8996004b464e2da751~tplv-o3syd03w52-resize-jpeg:200:200.jpeg?lk3s=97278606&x-expires=1766859310&x-signature=S%2F43SkcyYeGZudCnucYXpoerkcA%3D&x-signature-webp=yTYoMSWNHV2PF6NJxvGJGm1aIUk%3D,4.8,0,17782603,Cozyclub.id,Jakarta Barat,3,100000.0,False,"[{""position"": ""ri_product_credibility"", ""title"": ""100rb+ terjual"", ""type"": """", ""url"": """", ""styles"": [], ""__typename"": ""SearchProductV5LabelGroups""}, {""position"": ""overlay_1"", ""title"": ""Campaign"", ""type"": """", ""url"": ""https://p16-uploadpedia-sg.tokopedia.net/tos-alisg-i-zxty12jeln-sg/123.png~tplv-zxty12jeln-image.image"", ""styles"": [], ""__typename"": ""SearchProductV5LabelGroups""}, {""position"": ""final_price"", ""title"": ""Rp109.000"", ""type"": """", ""url"": """", ""styles"": [{""key"": ""text-color"", ""value"": ""#080808"", ""__typename"": ""SearchProductV5LabelGroupsStyle""}], ""__typename"": ""SearchProductV5LabelGroups""}]",25621,9272
100557083993,Broodis Kemeja Flannel Casual Pria Canbera Stone Lengan Panjang Fit Kantong - Earthly Allure,https://www.tokopedia.com/broodis/broodis-kemeja-flannel-casual-pria-canbera-stone-lengan-panjang-fit-kantong-earthly-allure-1731568642500756499?extParam=ivf%3Dfalse%26keyword%3Dkemejapria%26search_id%3D20251227171509CD00692C3BFE59066S8L%26src%3Dsearch,fashion-pria/atasan-pria/kemeja-pria,148320,https://p16-images-sign-sg.tokopedia-static.net/tos-alisg-i-aphluv4xwc-sg/e93701033eea4b01aee259e2edbf9296~tplv-aphluv4xwc-white-pad-v1:200:200.jpeg?lk3s=97278606&x-expires=1766859310&x-signature=3MdqYbKzb0i3nNXTTpx5WvDGT%2FM%3D&x-signature-webp=BfZD%2FnENKbxKkk0zgJN5t29sY4A%3D,4.8,0,744128,Broodis,Tangerang Selatan,2,500.0,False,"[{""position"": ""ri_product_credibility"", ""title"": ""500+ terjual"", ""type"": """", ""url"": """", ""styles"": [], ""__typename"": ""SearchProductV5LabelGroups""}, {""position"": ""overlay_1"", ""title"": ""Campaign"", ""type"": """", ""url"": ""https://p16-uploadpedia-sg.tokopedia.net/tos-alisg-i-zxty12jeln-sg/123.png~tplv-zxty12jeln-image.image"", ""styles"": [], ""__typename"": ""SearchProductV5LabelGroups""}, {""position"": ""overlay_3"", ""title"": ""Beli Lokal"", ""type"": """", ""url"": ""https://images.tokopedia.net/img/vMWOpN/2025/10/16/1e33b6b7-d4bb-4aed-a1af-ebb46043c369.png"", ""styles"": [], ""__typename"": ""SearchProductV5LabelGroups""}, {""position"": ""final_price"", ""title"": ""Rp148.320"", ""type"": """", ""url"": """", ""styles"": [{""key"": ""text-color"", ""value"": ""#080808"", ""__typename"": ""SearchProductV5LabelGroupsStyle""}], ""__typename"": ""SearchProductV5LabelGroups""}]",189,88
100830488750,Brill Eighty Eight - Kemeja Polos Panjang Premium Black 88 P4015,https://www.tokopedia.com/brilleightyeight/brill-eighty-eight-kemeja-polos-panjang-premium-black-88-p4015-1729444844895504884?extParam=ivf%3Dfalse%26keyword%3Dkemejapria%26search_id%3D20251227171509CD00692C3BFE59066S8L%26src%3Dsearch,fashion-pria/atasan-pria/kemeja-pria,165500,https://p16-images-common-sign-sg.tokopedia-static.net/tos-maliva-i-o3syd03w52-us/993e41cf787e4b4086a541f396ec3658~tplv-o3syd03w52-resize-jpeg:200:200.jpeg?lk3s=97278606&x-expires=1766859310&x-signature=8kyXJotZD4cvfRSiIn2DMwQiIEw%3D&x-signature-webp=LCIw%2BC3kAA5LiNcIPlOhHJIiKbw%3D,4.9,0,7030633,Brill Eighty Eight_NEW,Tangerang Selatan,2,1000.0,False,"[{""position"": ""ri_product_credibility"", ""title"": ""1rb+ terjual"", ""type"": """", ""url"": """", ""styles"": [], ""__typename"": ""SearchProductV5LabelGroups""}, {""position"": ""overlay_1"", ""title"": ""Campaign"", ""type"": """", ""url"": ""https://p16-uploadpedia-sg.tokopedia.net/tos-alisg-i-zxty12jeln-sg/123.png~tplv-zxty12jeln-image.image"", ""styles"": [], ""__typename"": ""SearchProductV5LabelGroups""}, {""position"": ""final_price"", ""title"": ""Rp165.500"", ""type"": """", ""url"": """", ""styles"": [{""key"": ""text-color"", ""value"": ""#080808"", ""__typename"": ""SearchProductV5LabelGroupsStyle""}], ""__typename"": ""SearchProductV5LabelGroups""}]",394,240
100784122375,Batik Handara - Peksi Seling Hitam Kemeja Pria Furing Erro.,https://www.tokopedia.com/handarabatik/batik-handara-peksi-seling-hitam-kemeja-pria-furing-erro-1729572181651261299?extParam=ivf%3Dtrue%26keyword%3Dkemejapria%26search_id%3D20251227171509CD00692C3BFE59066S8L%26src%3Dsearch,fashion-pria/atasan-pria/kemeja-pria,214900,https://p16-images-sign-sg.tokopedia-static.net/tos-alisg-i-aphluv4xwc-sg/a9bef3b2331641c491bf7ecdc3eb09a9~tplv-aphluv4xwc-white-pad-v1:200:200.jpeg?lk3s=97278606&x-expires=1766859310&x-signature=YoARXv79vouCTsO%2Fu4KkLTEtJOY%3D&x-signature-webp=YFcjY4rEBWDwWwyFJJEGU7AdcFc%3D,4.8,0,7543794,Batik Handara,Surakarta,2,7000.0,False,"[{""position"": ""ri_product_credibility"", ""title"": ""7rb+ terjual"", ""type"": """", ""url"": """", ""styles"": [], ""__typename"": ""SearchProductV5LabelGroups""}, {""position"": ""overlay_1"", ""title"": ""Campaign"", ""type"": """", ""url"": ""https://p16-uploadpedia-sg.tokopedia.net/tos-alisg-i-zxty12jeln-sg/123.png~tplv-zxty12jeln-image.image"", ""styles"": [], ""__typename"": ""SearchProductV5LabelGroups""}, {""position"": ""final_price"", ""title"": ""Rp214.900"", ""type"": """", ""url"": """", ""styles"": [{""key"": ""text-color"", ""value"": ""#080808"", ""__typename"": ""SearchProductV5LabelGroupsStyle""}], ""__typename"": ""SearchProductV5LabelGroups""}]",1034,604
100261068772,Kemeja Polos Pria Oxford WOODCUTTER Basic Shortsleeve - Light Blue Biru Muda Lengan Pendek Kerja,https://www.tokopedia.com/woodcutterid/kemeja-polos-pria-oxford-woodcutter-basic-shortsleeve-light-blue-biru-muda-lengan-pendek-kerja-1729990921491417972?extParam=ivf%3Dfalse%26keyword%3Dkemejapria%26search_id%3D20251227171509CD00692C3BFE59066S8L%26src%3Dsearch,fashion-pria/atasan-pria/kemeja-pria,167500,https://p16-images-sign-sg.tokopedia-static.net/tos-alisg-i-aphluv4xwc-sg/864183083df84f8e8b8eabddcfbe728c~tplv-aphluv4xwc-white-pad-v1:200:200.jpeg?lk3s=97278606&x-expires=1766859310&x-signature=OTCyIPKkb%2FUdnfTddMOm%2B9C8MW4%3D&x-signature-webp=SuQgeroIorq72902x%2FivXURqUsk%3D,4.9,0,2170925,WOODCUTTER ID,Bekasi,2,500.0,False,"[{""position"": ""ri_product_credibility"", ""title"": ""500+ terjual"", ""type"": """", ""url"": """", ""styles"": [], ""__typename"": ""SearchProductV5LabelGroups""}, {""position"": ""overlay_1"", ""title"": ""Campaign"", ""type"": """", ""url"": ""https://p16-uploadpedia-sg.tokopedia.net/tos-alisg-i-zxty12jeln-sg/123.png~tplv-zxty12jeln-image.image"", ""styles"": [], ""__typename"": ""SearchProductV5LabelGroups""}, {""position"": ""final_price"", ""title"": ""Rp167.500"", ""type"": """", ""url"": """", ""styles"": [{""key"": ""text-color"", ""value"": ""#080808"", ""__typename"": ""SearchProductV5LabelGroupsStyle""}], ""__typename"": ""SearchProductV5LabelGroups""}]",167,42
16499821709,"kemeja polos pria lengan pendek P.O.L.O's.  premium original. logo bordir, casual,model slimfit,",https://www.tokopedia.com/concoes-store/kemeja-polos-pria-lengan-pendek-p-o-l-o-s-premium-original-logo-bordir-casual-model-slimfit-1731064512278136523?extParam=ivf%3Dfalse%26keyword%3Dkemejapria%26search_id%3D20251227171509CD00692C3BFE59066S8L%26src%3Dsearch,fashion-pria/atasan-pria/kemeja-pria,183822,https://p16-images-sign-sg.tokopedia-static.net/tos-alisg-i-aphluv4xwc-sg/d76165e95faa4ddcad61ca4fc9ac5717~tplv-aphluv4xwc-white-pad-v1:200:200.jpeg?lk3s=97278606&x-expires=1766859310&x-signature=DLJ8HiPjql2YV2VD3OVblRnBEKo%3D&x-signature-webp=KLR6gADgmpv4F5kSggzhwmXPYpo%3D,4.9,0,18471320,Concoes Store,Jakarta Pusat,3,100.0,False,"[{""position"": ""ri_product_credibility"", ""title"": ""100+ terjual"", ""type"": """", ""url"": """", ""styles"": [], ""__typename"": ""SearchProductV5LabelGroups""}, {""position"": ""overlay_1"", ""title"": ""Campaign"", ""type"": """", ""url"": ""https://p16-uploadpedia-sg.tokopedia.net/tos-alisg-i-zxty12jeln-sg/123.png~tplv-zxty12jeln-image.image"", ""styles"": [], ""__typename"": ""SearchProductV5LabelGroups""}, {""position"": ""final_price"", ""title"": ""Rp183.822"", ""type"": """", ""url"": """", ""styles"": [{""key"": ""text-color"", ""value"": ""#080808"", ""__typename"": ""SearchProductV5LabelGroupsStyle""}], ""__typename"": ""SearchProductV5LabelGroups""}]",27,3
15930956880,"kemeja pria lengan panjang Kemeja Pria jumbo 2XL,3XL,4XL Kemeja Fashion Santai Pria Kemeja Casual",https://www.tokopedia.com/mens-clothing-collection/kemeja-pria-lengan-panjang-kemeja-pria-jumbo-2xl-3xl-4xl-kemeja-fashion-santai-pria-kemeja-casual-pls-501-putih-s-01563?extParam=ivf%3Dfalse%26keyword%3Dkemejapria%26search_id%3D20251227171509CD00692C3BFE59066S8L%26src%3Dsearch,fashion-pria/atasan-pria/kemeja-pria,98000,https://p16-images-sign-sg.tokopedia-static.net/tos-alisg-i-aphluv4xwc-sg/img/VqbcmM/2024/12/17/6d9be3d3-0846-4e53-a603-7abccef9065e.jpg~tplv-aphluv4xwc-white-pad-v1:200:200.jpeg?lk3s=97278606&x-expires=1766859310&x-signature=3%2FzeaYaYOemXOoGp4NuLpbsLZJs%3D&x-signature-webp=E3qpSAeNCcjRH7fnyqGy%2FL9qpUI%3D,4.8,0,17677323,Men's Clothing Collection,Tangerang,3,250.0,False,"[{""position"": ""ri_product_credibility"", ""title"": ""250+ terjual"", ""type"": """", ""url"": """", ""styles"": [], ""__typename"": ""SearchProductV5LabelGroups""}, {""position"": ""overlay_1"", ""title"": ""Campaign"", ""type"": """", ""url"": ""https://p16-uploadpedia-sg.tokopedia.net/tos-alisg-i-zxty12jeln-sg/123.png~tplv-zxty12jeln-image.image"", ""styles"": [], ""__typename"": ""SearchProductV5LabelGroups""}, {""position"": ""final_price"", ""title"": ""Rp98.000"", ""type"": """", ""url"": """", ""styles"": [{""key"": ""text-color"", ""value"": ""#080808"", ""__typename"": ""SearchProductV5LabelGroupsStyle""}], ""__typename"": ""SearchProductV5LabelGroups""}]",116,26
100027714144,RoomFazza Kemeja Lengan Panjang Pria Oversized Kasual Kerja Atasan Casual Formal,https://www.tokopedia.com/roomfazza-76/roomfazza-kemeja-lengan-panjang-pria-oversized-kasual-kerja-atasan-casual-formal-1730857811117311531?extParam=ivf%3Dfalse%26keyword%3Dkemejapria%26search_id%3D20251227171509CD00692C3BFE59066S8L%26src%3Dsearch,fashion-pria/atasan-pria/kemeja-pria,141610,https://p16-images-sign-sg.tokopedia-static.net/tos-alisg-i-aphluv4xwc-sg/1845ace6e08446dc9b05088a627fc59e~tplv-aphluv4xwc-white-pad-v1:200:200.jpeg?lk3s=97278606&x-expires=1766859310&x-signature=54sjV8TXHLwqdJB%2BUWrHGoQguMI%3D&x-signature-webp=09j3Bx8N%2FH11qAomEGwWPA8HvGg%3D,4.9,0,7494446372889135659,RoomFazza,Kab. Kuningan,3,10000.0,False,"[{""position"": ""ri_product_credibility"", ""title"": ""10rb+ terjual"", ""type"": """", ""url"": """", ""styles"": [], ""__typename"": ""SearchProductV5LabelGroups""}, {""position"": ""overlay_1"", ""title"": ""Campaign"", ""type"": """", ""url"": ""https://p16-uploadpedia-sg.tokopedia.net/tos-alisg-i-zxty12jeln-sg/123.png~tplv-zxty12jeln-image.image"", ""styles"": [], ""__typename"": ""SearchProductV5LabelGroups""}, {""position"": ""final_price"", ""title"": ""Rp141.610"", ""type"": """", ""url"": """", ""styles"": [{""key"": ""text-color"", ""value"": ""#080808"", ""__typename"": ""SearchProductV5LabelGroupsStyle""}], ""__typename"": ""SearchProductV5LabelGroups""}]",4792,1483
102621235305,"OLET Kemeja Corduroy Lengan Panjang Kasual Pria , Model Terlaris, Ukuran M-3XL, Kemeja Pria Berkerah, Desain Elegan dan Nyaman",https://www.tokopedia.com/olet-indonesia/olet-kemeja-corduroy-lengan-panjang-kasual-pria-model-terlaris-ukuran-m-3xl-kemeja-pria-berkerah-desain-elegan-dan-nyaman-1733375412576814622?extParam=ivf%3Dfalse%26keyword%3Dkemejapria%26search_id%3D20251227171509CD00692C3BFE59066S8L%26src%3Dsearch,fashion-pria/atasan-pria/kemeja-pria,168000,https://p16-images-sign-sg.tokopedia-static.net/tos-alisg-i-aphluv4xwc-sg/33e1c911fb904f2db07419939daeedd8~tplv-aphluv4xwc-white-pad-v1:200:200.jpeg?lk3s=97278606&x-expires=1766859310&x-signature=eibYne9RZuiyaM7WnTwmU4o8hfU%3D&x-signature-webp=pQ5WWvnV9c3UP6SrDIRE4RGw%2BwI%3D,4.4,0,7496123389420407326,OLET Indonesia,Kab. Tangerang,2,50.0,False,"[{""position"": ""ri_product_credibility"", ""title"": ""50+ terjual"", ""type"": """", ""url"": """", ""styles"": [], ""__typename"": ""SearchProductV5LabelGroups""}, {""position"": ""overlay_1"", ""title"": ""Campaign"", ""type"": """", ""url"": ""https://p16-uploadpedia-sg.tokopedia.net/tos-alisg-i-zxty12jeln-sg/123.png~tplv-zxty12jeln-image.image"", ""styles"": [], ""__typename"": ""SearchProductV5LabelGroups""}, {""position"": ""final_price"", ""title"": ""Rp168.000"", ""type"": """", ""url"": """", ""styles"": [{""key"": ""text-color"", ""value"": ""#080808"", ""__typename"": ""SearchProductV5LabelGroupsStyle""}], ""__typename"": ""SearchProductV5LabelGroups""}]",9,6
100261068802,Kemeja Pria Garis WOODCUTTER Basic Butcher Stripe - Blue Biru Lengan Panjang,https://www.tokopedia.com/woodcutterid/kemeja-pria-garis-woodcutter-basic-butcher-stripe-blue-biru-lengan-panjang-1729917939885312884?extParam=ivf%3Dfalse%26keyword%3Dkemejapria%26search_id%3D20251227171509CD00692C3BFE59066S8L%26src%3Dsearch,fashion-pria/atasan-pria/kemeja-pria,176500,https://p16-images-common-sign-sg.tokopedia-static.net/tos-maliva-i-o3syd03w52-us/032337fb72a54e81be2f6f728d160b5c~tplv-o3syd03w52-resize-jpeg:200:200.jpeg?lk3s=97278606&x-expires=1766859310&x-signature=Vy8ivR30aqB7M5%2FkfGuwqdZSs7M%3D&x-signature-webp=PLWmi%2Bv2z0R0NwG4mCe0%2FcIqn14%3D,4.7,0,2170925,WOODCUTTER ID,Bekasi,2,10000.0,False,"[{""position"": ""ri_product_credibility"", ""title"": ""10rb+ terjual"", ""type"": """", ""url"": """", ""styles"": [], ""__typename"": ""SearchProductV5LabelGroups""}, {""position"": ""overlay_1"", ""title"": ""Campaign"", ""type"": """", ""url"": ""https://p16-uploadpedia-sg.tokopedia.net/tos-alisg-i-zxty12jeln-sg/123.png~tplv-zxty12jeln-image.image"", ""styles"": [], ""__typename"": ""SearchProductV5LabelGroups""}, {""position"": ""final_price"", ""title"": ""Rp176.500"", ""type"": """", ""url"": """", ""styles"": [{""key"": ""text-color"", ""value"": ""#080808"", ""__typename"": ""SearchProductV5LabelGroupsStyle""}], ""__typename"": ""SearchProductV5LabelGroups""}]",1470,497
100204310457,Kemeja Pria Lengan Panjang Kemeja Kantor Kemeja Polos Kemeja Cowok Terlaris Kemeja Pria Slim Fit,https://www.tokopedia.com/maxximof-store/kemeja-pria-lengan-panjang-kemeja-kantor-kemeja-polos-kemeja-cowok-terlaris-kemeja-pria-slim-fit-1730140818388387540?extParam=ivf%3Dfalse%26keyword%3Dkemejapria%26search_id%3D20251227171509CD00692C3BFE59066S8L%26src%3Dsearch,fashion-pria/atasan-pria/kemeja-pria,180010,https://p16-images-sign-sg.tokopedia-static.net/tos-alisg-i-aphluv4xwc-sg/c29521433fb54b96af7358ce283d3efd~tplv-aphluv4xwc-white-pad-v1:200:200.jpeg?lk3s=97278606&x-expires=1766859310&x-signature=SGgVdWlE9BMaberut23JLzsTiUY%3D&x-signature-webp=zwshQvWGu%2Bo4ACqSNVVZuZWvzRQ%3D,4.8,0,7494909585488644820,Maxximof Store,Jakarta Barat,3,250.0,False,"[{""position"": ""ri_product_credibility"", ""title"": ""250+ terjual"", ""type"": """", ""url"": """", ""styles"": [], ""__typename"": ""SearchProductV5LabelGroups""}, {""position"": ""overlay_1"", ""title"": ""Campaign"", ""type"": """", ""url"": ""https://p16-uploadpedia-sg.tokopedia.net/tos-alisg-i-zxty12jeln-sg/123.png~tplv-zxty12jeln-image.image"", ""styles"": [], ""__typename"": ""SearchProductV5LabelGroups""}, {""position"": ""final_price"", ""title"": ""Rp180.010"", ""type"": """", ""url"": """", ""styles"": [{""key"": ""text-color"", ""value"": ""#080808"", ""__typename"": ""SearchProductV5LabelGroupsStyle""}], ""__typename"": ""SearchProductV5LabelGroups""}]",70,61
100533553297,"Promo kemeja dewasa 100.000 ribu 5 pcs pendek pria,  baju  distro kain  katun  Pria  Cowok Navy Nyaman",https://www.tokopedia.com/depotkemejamurah/promo-kemeja-dewasa-100-000-ribu-5-pcs-pendek-pria-baju-distro-kain-katun-pria-cowok-navy-nyaman-1729884447475075352?extParam=ivf%3Dfalse%26keyword%3Dkemejapria%26search_id%3D20251227171509CD00692C3BFE59066S8L%26src%3Dsearch,fashion-pria/atasan-pria/kemeja-pria,210000,https://p16-images-sign-sg.tokopedia-static.net/tos-alisg-i-aphluv4xwc-sg/07032157e6d14b8da66df40e939ee8e0~tplv-aphluv4xwc-white-pad-v1:200:200.jpeg?lk3s=97278606&x-expires=1766859310&x-signature=zYu0CG3GyDAjo%2F1s7n7qWmtzZqQ%3D&x-signature-webp=uT%2BbGr17T88GF4lZLHtWMp7j8RY%3D,4.5,0,9326304,SANRISE72,Kab. Pemalang,3,50000.0,False,"[{""position"": ""ri_product_credibility"", ""title"": ""50rb+ terjual"", ""type"": """", ""url"": """", ""styles"": [], ""__typename"": ""SearchProductV5LabelGroups""}, {""position"": ""overlay_1"", ""title"": ""Campaign"", ""type"": """", ""url"": ""https://p16-uploadpedia-sg.tokopedia.net/tos-alisg-i-zxty12jeln-sg/123.png~tplv-zxty12jeln-image.image"", ""styles"": [], ""__typename"": ""SearchProductV5LabelGroups""}, {""position"": ""final_price"", ""title"": ""Rp210.000"", ""type"": """", ""url"": """", ""styles"": [{""key"": ""text-color"", ""value"": ""#080808"", ""__typename"": ""SearchProductV5LabelGroupsStyle""}], ""__typename"": ""SearchProductV5LabelGroups""}]",6781,5649
100065060489,Kemeja Pria Kualitas Premium - Leaves Pastel,https://www.tokopedia.com/exxenide-550/kemeja-pria-kualitas-premium-leaves-pastel-1729608121614763967?extParam=ivf%3Dfalse%26keyword%3Dkemejapria%26search_id%3D20251227171509CD00692C3BFE59066S8L%26src%3Dsearch,fashion-pria/atasan-pria/kemeja-pria,160050,https://p16-images-sign-sg.tokopedia-static.net/tos-alisg-i-aphluv4xwc-sg/1261356c4b5a4832ba158d7e512078b4~tplv-aphluv4xwc-white-pad-v1:200:200.jpeg?lk3s=97278606&x-expires=1766859310&x-signature=bnic%2FKg6iH9P%2FvDDi5Ih9oOn64o%3D&x-signature-webp=sPAo6Qjbp77wxywlo7KxKHTxhgU%3D,4.6,0,7494763231580621759,EXXENIDE_NEW,Kab. Karawang,3,1000.0,False,"[{""position"": ""ri_product_credibility"", ""title"": ""1rb+ terjual"", ""type"": """", ""url"": """", ""styles"": [], ""__typename"": ""SearchProductV5LabelGroups""}, {""position"": ""overlay_1"", ""title"": ""Campaign"", ""type"": """", ""url"": ""https://p16-uploadpedia-sg.tokopedia.net/tos-alisg-i-zxty12jeln-sg/123.png~tplv-zxty12jeln-image.image"", ""styles"": [], ""__typename"": ""SearchProductV5LabelGroups""}, {""position"": ""final_price"", ""title"": ""Rp160.050"", ""type"": """", ""url"": """", ""styles"": [{""key"": ""text-color"", ""value"": ""#080808"", ""__typename"": ""SearchProductV5LabelGroupsStyle""}], ""__typename"": ""SearchProductV5LabelGroups""}]",174,133
15976360331,Tommy's Hilfiger Kemeja Polos Lengan Pendek Pria Formal,https://www.tokopedia.com/tommyshilfiger/tommy-s-hilfiger-kemeja-polos-lengan-pendek-pria-formal-putih-s-5534b?extParam=ivf%3Dfalse%26keyword%3Dkemejapria%26search_id%3D20251227171509CD00692C3BFE59066S8L%26src%3Dsearch,fashion-pria/atasan-pria/kemeja-pria,382900,https://p16-images-sign-sg.tokopedia-static.net/tos-alisg-i-aphluv4xwc-sg/img/VqbcmM/2024/12/29/dd4151a6-3033-44aa-8d73-b12c8c481e5b.jpg~tplv-aphluv4xwc-white-pad-v1:200:200.jpeg?lk3s=97278606&x-expires=1766859310&x-signature=Rlu%2BLXmfygbb4R1UFAp5r5tfPO4%3D&x-signature-webp=8ZsYGSW%2BlrZiED08LaIzV1ytruk%3D,4.6,0,18255222,Tommy'sHilfigerOffcl,Jakarta Pusat,1,1000.0,False,"[{""position"": ""ri_product_credibility"", ""title"": ""1rb+ terjual"", ""type"": """", ""url"": """", ""styles"": [], ""__typename"": ""SearchProductV5LabelGroups""}, {""position"": ""overlay_1"", ""title"": ""Campaign"", ""type"": """", ""url"": ""https://p16-uploadpedia-sg.tokopedia.net/tos-alisg-i-zxty12jeln-sg/123.png~tplv-zxty12jeln-image.image"", ""styles"": [], ""__typename"": ""SearchProductV5LabelGroups""}, {""position"": ""final_price"", ""title"": ""Rp382.900"", ""type"": """", ""url"": """", ""styles"": [{""key"": ""text-color"", ""value"": ""#080808"", ""__typename"": ""SearchProductV5LabelGroupsStyle""}], ""__typename"": ""SearchProductV5LabelGroups""}]",545,112
100721167934,"kemeja polos pria lengan pendek F.pe.r.r.y...kemeja pria lengan pendek casual, formal model slim fit Katun",https://www.tokopedia.com/preddperryoficial/kemeja-polos-pria-lengan-pendek-f-pe-r-r-y-kemeja-pria-lengan-pendek-casual-formal-model-slim-fit-katun-1731392752012985984?extParam=ivf%3Dfalse%26keyword%3Dkemejapria%26search_id%3D20251227171509CD00692C3BFE59066S8L%26src%3Dsearch,fashion-pria/atasan-pria/kemeja-pria,179910,https://p16-images-sign-sg.tokopedia-static.net/tos-alisg-i-aphluv4xwc-sg/b6e22bf52385471db408a630f6699ecb~tplv-aphluv4xwc-white-pad-v1:200:200.jpeg?lk3s=97278606&x-expires=1766859310&x-signature=xzShAWnfpRTvDLDB12GsdmneYlc%3D&x-signature-webp=dsK8Nmg7sTKejXliTxHqFwmGU6w%3D,4.5,0,7495989264148105856,preddperryoficial,Tangerang,1,500.0,False,"[{""position"": ""ri_product_credibility"", ""title"": ""500+ terjual"", ""type"": """", ""url"": """", ""styles"": [], ""__typename"": ""SearchProductV5LabelGroups""}, {""position"": ""overlay_1"", ""title"": ""Campaign"", ""type"": """", ""url"": ""https://p16-uploadpedia-sg.tokopedia.net/tos-alisg-i-zxty12jeln-sg/123.png~tplv-zxty12jeln-image.image"", ""styles"": [], ""__typename"": ""SearchProductV5LabelGroups""}, {""position"": ""final_price"", ""title"": ""Rp179.910"", ""type"": """", ""url"": """", ""styles"": [{""key"": ""text-color"", ""value"": ""#080808"", ""__typename"": ""SearchProductV5LabelGroupsStyle""}], ""__typename"": ""SearchProductV5LabelGroups""}]",66,38
100728394757,BROGUY Kemeja Pria Kasual Cuban Shirt Casual Strech & Stylish,https://www.tokopedia.com/broguyid/broguy-kemeja-pria-kasual-cuban-shirt-casual-strech-stylish-1731879006737958047?extParam=ivf%3Dfalse%26keyword%3Dkemejapria%26search_id%3D20251227171509CD00692C3BFE59066S8L%26src%3Dsearch,fashion-pria/atasan-pria/kemeja-pria,95000,https://p16-images-sign-sg.tokopedia-static.net/tos-alisg-i-aphluv4xwc-sg/2438a714a5054111819b4f314781a0ea~tplv-aphluv4xwc-white-pad-v1:200:200.jpeg?lk3s=97278606&x-expires=1766859310&x-signature=KauEnnFWu61M4tX%2BFeJ2hd4bsms%3D&x-signature-webp=2mX4LNyekxXgmkAXtowZzyTTzQI%3D,4.9,0,11044128,Broguy_NEW,Kab. Kuningan,3,2000.0,False,"[{""position"": ""ri_product_credibility"", ""title"": ""2rb+ terjual"", ""type"": """", ""url"": """", ""styles"": [], ""__typename"": ""SearchProductV5LabelGroups""}, {""position"": ""overlay_1"", ""title"": ""Campaign"", ""type"": """", ""url"": ""https://p16-uploadpedia-sg.tokopedia.net/tos-alisg-i-zxty12jeln-sg/123.png~tplv-zxty12jeln-image.image"", ""styles"": [], ""__typename"": ""SearchProductV5LabelGroups""}, {""position"": ""overlay_3"", ""title"": ""Beli Lokal"", ""type"": """", ""url"": ""https://images.tokopedia.net/img/vMWOpN/2025/10/16/1e33b6b7-d4bb-4aed-a1af-ebb46043c369.png"", ""styles"": [], ""__typename"": ""SearchProductV5LabelGroups""}, {""position"": ""final_price"", ""title"": ""Rp95.000"", ""type"": """", ""url"": """", ""styles"": [{""key"": ""text-color"", ""value"": ""#080808"", ""__typename"": ""SearchProductV5LabelGroupsStyle""}], ""__typename"": ""SearchProductV5LabelGroups""}]",424,155
100355261160,Kemeja Flanel Pria Impor distro Lengan Panjang Premium Kemeja Flanel Kotak Kotak pria dan wanita best seller,https://www.tokopedia.com/jawaris-mnhbs/kemeja-flanel-pria-impor-distro-lengan-panjang-premium-kemeja-flanel-kotak-kotak-pria-dan-wanita-best-seller-1730632174843364805?extParam=ivf%3Dfalse%26keyword%3Dkemejapria%26search_id%3D20251227171509CD00692C3BFE59066S8L%26src%3Dsearch,fashion-pria/atasan-pria/kemeja-pria,157940,https://p19-images-sign-sg.tokopedia-static.net/tos-alisg-i-aphluv4xwc-sg/9a17dae2eeda4bfc978061c2adb4affc~tplv-aphluv4xwc-white-pad-v1:200:200.jpeg?lk3s=97278606&x-expires=1766859310&x-signature=Npzu5Dp%2FDD0YWhvCv74LM44AK0E%3D&x-signature-webp=lNR8AF2LIEXT%2BJdXOO5tnG7CjlM%3D,4.0,0,7495964407116630469,JAWARIS MNHBS,Tangerang,1,28.0,False,"[{""position"": ""ri_product_credibility"", ""title"": ""28 terjual"", ""type"": """", ""url"": """", ""styles"": [], ""__typename"": ""SearchProductV5LabelGroups""}, {""position"": ""overlay_1"", ""title"": ""Campaign"", ""type"": """", ""url"": ""https://p16-uploadpedia-sg.tokopedia.net/tos-alisg-i-zxty12jeln-sg/123.png~tplv-zxty12jeln-image.image"", ""styles"": [], ""__typename"": ""SearchProductV5LabelGroups""}, {""position"": ""final_price"", ""title"": ""Rp157.940"", ""type"": """", ""url"": """", ""styles"": [{""key"": ""text-color"", ""value"": ""#080808"", ""__typename"": ""SearchProductV5LabelGroupsStyle""}], ""__typename"": ""SearchProductV5LabelGroups""}]",4,2
100028228074,Baju Kemeja Pria Lengan Pendek Biru Muda Casual Formal Polos Slimfit Motif Terbaru Katun Oxford Poplin Premium Distro Best Quality Style Hem Kerja Simple Keren Kekinian Super Simple,https://www.tokopedia.com/super-simple-731/baju-kemeja-pria-lengan-pendek-biru-muda-casual-formal-polos-slimfit-motif-terbaru-katun-oxford-poplin-premium-distro-best-quality-style-hem-kerja-simple-keren-kekinian-super-simple-1729571054748207544?extParam=ivf%3Dfalse%26keyword%3Dkemejapria%26search_id%3D20251227171509CD00692C3BFE59066S8L%26src%3Dsearch,fashion-pria/atasan-pria/kemeja-pria,58400,https://p19-images-sign-sg.tokopedia-static.net/tos-alisg-i-aphluv4xwc-sg/3bfb19b808e34dc6b23e914f49ea4451~tplv-aphluv4xwc-white-pad-v1:200:200.jpeg?lk3s=97278606&x-expires=1766859310&x-signature=CNMOg7Lo1AIZn1TEQFPfaf1Bg7g%3D&x-signature-webp=ifvXkcXh7DguGrXhlXJYhOHi%2F6A%3D,4.6,0,7494706549142161848,SUPER SIMPLE_NEW,Jakarta Pusat,1,4000.0,False,"[{""position"": ""ri_product_credibility"", ""title"": ""4rb+ terjual"", ""type"": """", ""url"": """", ""styles"": [], ""__typename"": ""SearchProductV5LabelGroups""}, {""position"": ""overlay_1"", ""title"": ""Campaign"", ""type"": """", ""url"": ""https://p16-uploadpedia-sg.tokopedia.net/tos-alisg-i-zxty12jeln-sg/123.png~tplv-zxty12jeln-image.image"", ""styles"": [], ""__typename"": ""SearchProductV5LabelGroups""}, {""position"": ""final_price"", ""title"": ""Rp58.400"", ""type"": """", ""url"": """", ""styles"": [{""key"": ""text-color"", ""value"": ""#080808"", ""__typename"": ""SearchProductV5LabelGroupsStyle""}], ""__typename"": ""SearchProductV5LabelGroups""}]",847,460
14882736683,Baju Uniqlo Kemeja Pria Premium Lengan Panjang Slim fit Katun Navy/Kemeja Branded Jumbo Terbaru,https://www.tokopedia.com/jeans-cewek/baju-uniqlo-kemeja-pria-premium-lengan-panjang-slim-fit-katun-navy-kemeja-branded-jumbo-terbaru-putih-m-3ae3f?extParam=ivf%3Dfalse%26keyword%3Dkemejapria%26search_id%3D20251227171509CD00692C3BFE59066S8L%26src%3Dsearch,fashion-pria/atasan-pria/kemeja-pria,105000,https://p16-images-sign-sg.tokopedia-static.net/tos-alisg-i-aphluv4xwc-sg/img/VqbcmM/2024/8/21/f50db388-0966-4bdd-ae23-f43eefd11933.jpg~tplv-aphluv4xwc-white-pad-v1:200:200.jpeg?lk3s=97278606&x-expires=1766859310&x-signature=LPvqVuFwTxy2dN2Vx9y%2Fx7qmD%2Fg%3D&x-signature-webp=IfhIiF0%2B4YNIrgMtU0jWEXFX%2BJQ%3D,4.9,0,13887894,Branded Store14,Jakarta Barat,1,90.0,False,"[{""position"": ""ri_product_credibility"", ""title"": ""90+ terjual"", ""type"": """", ""url"": """", ""styles"": [], ""__typename"": ""SearchProductV5LabelGroups""}, {""position"": ""overlay_1"", ""title"": ""Campaign"", ""type"": """", ""url"": ""https://p16-uploadpedia-sg.tokopedia.net/tos-alisg-i-zxty12jeln-sg/123.png~tplv-zxty12jeln-image.image"", ""styles"": [], ""__typename"": ""SearchProductV5LabelGroups""}, {""position"": ""final_price"", ""title"": ""Rp105.000"", ""type"": """", ""url"": """", ""styles"": [{""key"": ""text-color"", ""value"": ""#080808"", ""__typename"": ""SearchProductV5LabelGroupsStyle""}], ""__typename"": ""SearchProductV5LabelGroups""}]",34,8
102324846105,Kemeja Z4R4 kerah lengan panjang size M s/d 5XL | kemeja pria premium | kemeja formal pria Casual Katun Baju Kerja Hitam Linen Slim Fit Kantor Cowok,https://www.tokopedia.com/uniqnih/kemeja-z4r4-kerah-lengan-panjang-size-m-s-d-5xl-kemeja-pria-premium-kemeja-formal-pria-casual-katun-baju-kerja-hitam-linen-slim-fit-kantor-cowok-1731465954778449294?extParam=ivf%3Dfalse%26keyword%3Dkemejapria%26search_id%3D20251227171509CD00692C3BFE59066S8L%26src%3Dsearch,fashion-pria/atasan-pria/kemeja-pria,135900,https://p16-images-sign-sg.tokopedia-static.net/tos-alisg-i-aphluv4xwc-sg/18ae8e18510c4e929309a6d505e8c6f1~tplv-aphluv4xwc-white-pad-v1:200:200.jpeg?lk3s=97278606&x-expires=1766859310&x-signature=tIS1SF471kwjXTnlzFNIIYYI%2F1k%3D&x-signature-webp=DKsv3r6xLfGNIrWUVgl24I856M0%3D,4.8,0,14341177,tripelseven,Jakarta Barat,3,5000.0,False,"[{""position"": ""ri_product_credibility"", ""title"": ""5rb+ terjual"", ""type"": """", ""url"": """", ""styles"": [], ""__typename"": ""SearchProductV5LabelGroups""}, {""position"": ""overlay_1"", ""title"": ""Campaign"", ""type"": """", ""url"": ""https://p16-uploadpedia-sg.tokopedia.net/tos-alisg-i-zxty12jeln-sg/123.png~tplv-zxty12jeln-image.image"", ""styles"": [], ""__typename"": ""SearchProductV5LabelGroups""}, {""position"": ""final_price"", ""title"": ""Rp135.900"", ""type"": """", ""url"": """", ""styles"": [{""key"": ""text-color"", ""value"": ""#080808"", ""__typename"": ""SearchProductV5LabelGroupsStyle""}], ""__typename"": ""SearchProductV5LabelGroups""}]",831,484
16147075779,Kemeja Kotak Kotak Pria Basic Shirt - Kemeja Salur Kotak Mocca Lengan Pendek,https://www.tokopedia.com/mens-clothing-collection/kemeja-kotak-kotak-pria-basic-shirt-kemeja-salur-kotak-mocca-lengan-pendek-1730824778424485546?extParam=ivf%3Dfalse%26keyword%3Dkemejapria%26search_id%3D20251227171509CD00692C3BFE59066S8L%26src%3Dsearch,fashion-pria/atasan-pria/kemeja-pria,86900,https://p16-images-sign-sg.tokopedia-static.net/tos-alisg-i-aphluv4xwc-sg/7cbcf9cf7e42479fb5fe4da458ba7644~tplv-aphluv4xwc-white-pad-v1:200:200.jpeg?lk3s=97278606&x-expires=1766859310&x-signature=LGGlZNeCwcp%2FKKg1nGXZ5Bkw8Ec%3D&x-signature-webp=A0ACu81RHy8uprzpMzroNABZRfQ%3D,4.9,0,17677323,Men's Clothing Collection,Tangerang,3,100.0,False,"[{""position"": ""ri_product_credibility"", ""title"": ""100+ terjual"", ""type"": """", ""url"": """", ""styles"": [], ""__typename"": ""SearchProductV5LabelGroups""}, {""position"": ""overlay_1"", ""title"": ""Campaign"", ""type"": """", ""url"": ""https://p16-uploadpedia-sg.tokopedia.net/tos-alisg-i-zxty12jeln-sg/123.png~tplv-zxty12jeln-image.image"", ""styles"": [], ""__typename"": ""SearchProductV5LabelGroups""}, {""position"": ""final_price"", ""title"": ""Rp86.900"", ""type"": """", ""url"": """", ""styles"": [{""key"": ""text-color"", ""value"": ""#080808"", ""__typename"": ""SearchProductV5LabelGroupsStyle""}], ""__typename"": ""SearchProductV5LabelGroups""}]",51,12
102222964156,Kemeja Lengan Panjang Kemeja Premium Kemeja Kantoran Kemeja Casual Kemeja Model Bordir Kemeja Pria Kemeja Terkini Kemeja Tanpa Kantong Kemeja Lengan Panjang Terlaris,https://www.tokopedia.com/galeri-outfit12/kemeja-lengan-panjang-kemeja-premium-kemeja-kantoran-kemeja-casual-kemeja-model-bordir-kemeja-pria-kemeja-terkini-kemeja-tanpa-kantong-kemeja-lengan-panjang-terlaris-1732445707793958210?extParam=ivf%3Dfalse%26keyword%3Dkemejapria%26search_id%3D20251227171509CD00692C3BFE59066S8L%26src%3Dsearch,fashion-pria/atasan-pria/kemeja-pria,186900,https://p16-images-sign-sg.tokopedia-static.net/tos-alisg-i-aphluv4xwc-sg/ca84dae4a2ef4be1bdec2f36acca5d81~tplv-aphluv4xwc-white-pad-v1:200:200.jpeg?lk3s=97278606&x-expires=1766859310&x-signature=eJ3o%2BfB%2FdXkHymq2pMVHa2TmmgI%3D&x-signature-webp=K0mB5Wit9gsoLnNg%2BWdU1LixPkU%3D,4.8,0,7496185899462920514,Galeri Outfit12,Jakarta Barat,3,250.0,False,"[{""position"": ""ri_product_credibility"", ""title"": ""250+ terjual"", ""type"": """", ""url"": """", ""styles"": [], ""__typename"": ""SearchProductV5LabelGroups""}, {""position"": ""overlay_1"", ""title"": ""Campaign"", ""type"": """", ""url"": ""https://p16-uploadpedia-sg.tokopedia.net/tos-alisg-i-zxty12jeln-sg/123.png~tplv-zxty12jeln-image.image"", ""styles"": [], ""__typename"": ""SearchProductV5LabelGroups""}, {""position"": ""final_price"", ""title"": ""Rp186.900"", ""type"": """", ""url"": """", ""styles"": [{""key"": ""text-color"", ""value"": ""#080808"", ""__typename"": ""SearchProductV5LabelGroupsStyle""}], ""__typename"": ""SearchProductV5LabelGroups""}]",67,58
102047525014,Kemeja Salur Giordano Lengan Panjang Premium Kemeja Lengan Panjang Slim Fit Baju Kemeja Garis Garis Unisex,https://www.tokopedia.com/fauziahh05/kemeja-salur-giordano-lengan-panjang-premium-kemeja-lengan-panjang-slim-fit-baju-kemeja-garis-garis-unisex-1732127703747232768?extParam=ivf%3Dfalse%26keyword%3Dkemejapria%26search_id%3D20251227171509CD00692C3BFE59066S8L%26src%3Dsearch,fashion-pria/atasan-pria/kemeja-pria,127920,https://p16-images-sign-sg.tokopedia-static.net/tos-alisg-i-aphluv4xwc-sg/dc5c6b7183e14bbe8aa66944bb0db669~tplv-aphluv4xwc-white-pad-v1:200:200.jpeg?lk3s=97278606&x-expires=1766859310&x-signature=g2tfeAR5DYLHwebQrh%2F8j1uHye0%3D&x-signature-webp=FNR8%2FWIGdPovzq5v7m9UjxvxYjI%3D,4.9,0,14149712,RINT STORE,Tangerang Selatan,3,750.0,False,"[{""position"": ""ri_product_credibility"", ""title"": ""750+ terjual"", ""type"": """", ""url"": """", ""styles"": [], ""__typename"": ""SearchProductV5LabelGroups""}, {""position"": ""overlay_1"", ""title"": ""Campaign"", ""type"": """", ""url"": ""https://p16-uploadpedia-sg.tokopedia.net/tos-alisg-i-zxty12jeln-sg/123.png~tplv-zxty12jeln-image.image"", ""styles"": [], ""__typename"": ""SearchProductV5LabelGroups""}, {""position"": ""final_price"", ""title"": ""Rp127.920"", ""type"": """", ""url"": """", ""styles"": [{""key"": ""text-color"", ""value"": ""#080808"", ""__typename"": ""SearchProductV5LabelGroupsStyle""}], ""__typename"": ""SearchProductV5LabelGroups""}]",148,86
16271671244,Kemeja Pendek Lvs 501 Motif Kotak Kotak Casual Oxford Premium - Kemeja Pendek Pria Casual Slimfit /Kemeja Kotak Kotak Pria Basic Shirt - Blue Lengan Pendek,https://www.tokopedia.com/leus-sedo/kemeja-pendek-lvs-501-motif-kotak-kotak-casual-oxford-premium-kemeja-pendek-pria-casual-slimfit-kemeja-kotak-kotak-pria-basic-shirt-blue-lengan-pendek-1730878810930513387?extParam=ivf%3Dfalse%26keyword%3Dkemejapria%26search_id%3D20251227171509CD00692C3BFE59066S8L%26src%3Dsearch,fashion-pria/atasan-pria/kemeja-pria,92900,https://p16-images-sign-sg.tokopedia-static.net/tos-alisg-i-aphluv4xwc-sg/img/VqbcmM/2025/5/15/0594d6b3-832c-4eea-83fd-02f010580869.jpg~tplv-aphluv4xwc-white-pad-v1:200:200.jpeg?lk3s=97278606&x-expires=1766859310&x-signature=VeLPMEURFLhV%2BAVymmJG2csWbFM%3D&x-signature-webp=6wAcJVkBf3UHYBbqnSSDeM0oehI%3D,5.0,0,18000985,Leus sedo,Tangerang,1,70.0,False,"[{""position"": ""ri_product_credibility"", ""title"": ""70+ terjual"", ""type"": """", ""url"": """", ""styles"": [], ""__typename"": ""SearchProductV5LabelGroups""}, {""position"": ""overlay_1"", ""title"": ""Campaign"", ""type"": """", ""url"": ""https://p16-uploadpedia-sg.tokopedia.net/tos-alisg-i-zxty12jeln-sg/123.png~tplv-zxty12jeln-image.image"", ""styles"": [], ""__typename"": ""SearchProductV5LabelGroups""}, {""position"": ""final_price"", ""title"": ""Rp92.900"", ""type"": """", ""url"": """", ""styles"": [{""key"": ""text-color"", ""value"": ""#080808"", ""__typename"": ""SearchProductV5LabelGroupsStyle""}], ""__typename"": ""SearchProductV5LabelGroups""}]",21,9
100534454016,ALNI OFFICIAL STORE - LINO KEMEJA PRIA LENGAN PENDEK KASUAL BAHAN ADEM PREMIUM HIGH QUALITY,https://www.tokopedia.com/alni-offcial-store/alni-official-store-lino-kemeja-pria-lengan-pendek-kasual-bahan-adem-premium-high-quality-1731514233025103505?extParam=ivf%3Dfalse%26keyword%3Dkemejapria%26search_id%3D20251227171509CD00692C3BFE59066S8L%26src%3Dsearch,fashion-pria/atasan-pria/kemeja-pria,113500,https://p16-images-sign-sg.tokopedia-static.net/tos-alisg-i-aphluv4xwc-sg/ffc3478a5d5941279e1c0fb8c307e90d~tplv-aphluv4xwc-white-pad-v1:200:200.jpeg?lk3s=97278606&x-expires=1766859310&x-signature=YJLrRh2YaRz4s1Yex7sC0PyD%2BlI%3D&x-signature-webp=Un%2F7x6q4SdoF%2FJpJd9hGbakbQbw%3D,4.5,0,7496062044851702417,ALNI OFFCIAL STORE,Bogor,3,750.0,False,"[{""position"": ""ri_product_credibility"", ""title"": ""750+ terjual"", ""type"": """", ""url"": """", ""styles"": [], ""__typename"": ""SearchProductV5LabelGroups""}, {""position"": ""overlay_1"", ""title"": ""Campaign"", ""type"": """", ""url"": ""https://p16-uploadpedia-sg.tokopedia.net/tos-alisg-i-zxty12jeln-sg/123.png~tplv-zxty12jeln-image.image"", ""styles"": [], ""__typename"": ""SearchProductV5LabelGroups""}, {""position"": ""final_price"", ""title"": ""Rp113.500"", ""type"": """", ""url"": """", ""styles"": [{""key"": ""text-color"", ""value"": ""#080808"", ""__typename"": ""SearchProductV5LabelGroupsStyle""}], ""__typename"": ""SearchProductV5LabelGroups""}]",161,89
15220130471,Kemeja Polos Pria Lengan Pendek LA |CST Original Terlaris Kemeja Santai Pria kekinian Terbaru Kemeja Original Quality,https://www.tokopedia.com/style-boys-540/kemeja-polos-pria-lengan-pendek-la-cst-original-terlaris-kemeja-santai-pria-kekinian-terbaru-kemeja-original-quality-putih-m-1ad4a?extParam=ivf%3Dfalse%26keyword%3Dkemejapria%26search_id%3D20251227171509CD00692C3BFE59066S8L%26src%3Dsearch,fashion-pria/atasan-pria/kemeja-pria,184140,https://p16-images-sign-sg.tokopedia-static.net/tos-alisg-i-aphluv4xwc-sg/img/VqbcmM/2025/4/24/ec10ffae-b6c7-44c2-861c-d392a51238fd.png~tplv-aphluv4xwc-white-pad-v1:200:200.jpeg?lk3s=97278606&x-expires=1766859310&x-signature=wTRBfVeoh3sLiFbdCKRNGI6UGoQ%3D&x-signature-webp=0IKoeoouQPSJwkhCA1VlLV7p9JA%3D,4.7,0,16192848,STYLE BOYS,Jakarta Pusat,3,500.0,False,"[{""position"": ""ri_product_credibility"", ""title"": ""500+ terjual"", ""type"": """", ""url"": """", ""styles"": [], ""__typename"": ""SearchProductV5LabelGroups""}, {""position"": ""overlay_1"", ""title"": ""Campaign"", ""type"": """", ""url"": ""https://p16-uploadpedia-sg.tokopedia.net/tos-alisg-i-zxty12jeln-sg/123.png~tplv-zxty12jeln-image.image"", ""styles"": [], ""__typename"": ""SearchProductV5LabelGroups""}, {""position"": ""final_price"", ""title"": ""Rp184.140"", ""type"": """", ""url"": """", ""styles"": [{""key"": ""text-color"", ""value"": ""#080808"", ""__typename"": ""SearchProductV5LabelGroupsStyle""}], ""__typename"": ""SearchProductV5LabelGroups""}]",95,52
15403205908,kemeja uniqlo lengan panjang//kemeja krah pria//kemeja panjang kasual,https://www.tokopedia.com/iamcool12/kemeja-uniqlo-lengan-panjang-kemeja-krah-pria-kemeja-panjang-kasual-navy-m-340e6?extParam=ivf%3Dfalse%26keyword%3Dkemejapria%26search_id%3D20251227171509CD00692C3BFE59066S8L%26src%3Dsearch,fashion-pria/atasan-pria/kemeja-pria,143280,https://p16-images-sign-sg.tokopedia-static.net/tos-alisg-i-aphluv4xwc-sg/img/VqbcmM/2024/10/7/cff48707-f75d-40ef-9815-e2ff52c23db3.jpg~tplv-aphluv4xwc-white-pad-v1:200:200.jpeg?lk3s=97278606&x-expires=1766859310&x-signature=3BAn%2Fp38gu5rUkqw2491jsOCBh8%3D&x-signature-webp=nZO9mvpMGRw6%2FLpz9JdfbKqte0I%3D,4.7,0,17154335,FCS_NEW,Jakarta Barat,1,250.0,False,"[{""position"": ""ri_product_credibility"", ""title"": ""250+ terjual"", ""type"": """", ""url"": """", ""styles"": [], ""__typename"": ""SearchProductV5LabelGroups""}, {""position"": ""overlay_1"", ""title"": ""Campaign"", ""type"": """", ""url"": ""https://p16-uploadpedia-sg.tokopedia.net/tos-alisg-i-zxty12jeln-sg/123.png~tplv-zxty12jeln-image.image"", ""styles"": [], ""__typename"": ""SearchProductV5LabelGroups""}, {""position"": ""final_price"", ""title"": ""Rp143.280"", ""type"": """", ""url"": """", ""styles"": [{""key"": ""text-color"", ""value"": ""#080808"", ""__typename"": ""SearchProductV5LabelGroupsStyle""}], ""__typename"": ""SearchProductV5LabelGroups""}]",163,61
14946400347,Kemeja Pria/lmport/Men's Long-Sleeved Shirt Anti-Wrinkle Non-lroning Business Clothing lce Silk,https://www.tokopedia.com/kstore88-1/kemeja-pria-lmport-men-s-long-sleeved-shirt-anti-wrinkle-non-lroning-business-clothing-lce-silk-lightblue-6xl-042f2?extParam=ivf%3Dfalse%26keyword%3Dkemejapria%26search_id%3D20251227171509CD00692C3BFE59066S8L%26src%3Dsearch,fashion-pria/atasan-pria/kemeja-pria,360000,https://p16-images-sign-sg.tokopedia-static.net/tos-alisg-i-aphluv4xwc-sg/img/VqbcmM/2024/8/26/c70c21cf-de28-4fe6-bcdc-f92892bfe374.jpg~tplv-aphluv4xwc-white-pad-v1:200:200.jpeg?lk3s=97278606&x-expires=1766859310&x-signature=%2BDP9JQSTcZNA9Djg%2BgXpgyFliY0%3D&x-signature-webp=ihY6hJMZtLhKf3%2BNvPB7xmBdAQM%3D,4.7,0,14959545,K'Store88,Tangerang,1,80.0,False,"[{""position"": ""ri_product_credibility"", ""title"": ""80+ terjual"", ""type"": """", ""url"": """", ""styles"": [], ""__typename"": ""SearchProductV5LabelGroups""}, {""position"": ""overlay_1"", ""title"": ""Campaign"", ""type"": """", ""url"": ""https://p16-uploadpedia-sg.tokopedia.net/tos-alisg-i-zxty12jeln-sg/123.png~tplv-zxty12jeln-image.image"", ""styles"": [], ""__typename"": ""SearchProductV5LabelGroups""}, {""position"": ""preventive_overlay"", ""title"": ""PreOrder"", ""type"": """", ""url"": """", ""styles"": [{""key"": ""background-color"", ""value"": ""#000000"", ""__typename"": ""SearchProductV5LabelGroupsStyle""}, {""key"": ""background-opacity"", ""value"": ""0.5"", ""__typename"": ""SearchProductV5LabelGroupsStyle""}, {""key"": ""text-color"", ""value"": ""#FFFFFF"", ""__typename"": ""SearchProductV5LabelGroupsStyle""}], ""__typename"": ""SearchProductV5LabelGroups""}, {""position"": ""final_price"", ""title"": ""Rp360.000"", ""type"": """", ""url"": """", ""styles"": [{""key"": ""text-color"", ""value"": ""#080808"", ""__typename"": ""SearchProductV5LabelGroupsStyle""}], ""__typename"": ""SearchProductV5LabelGroups""}]",28,5
14390695022,KEMEJA PRIA LENGAN PENDEK SLIMFIT | KEMEJA KOTAK KOTAK SALUR | KEMEJA CASUAL IMPORT | KEMEJA KATUN KERJA TERBARU,https://www.tokopedia.com/mens-clothing-collection/kemeja-pria-lengan-pendek-slimfit-kemeja-kotak-kotak-salur-kemeja-casual-import-kemeja-katun-kerja-terbaru-hitam-s-bf16b?extParam=ivf%3Dfalse%26keyword%3Dkemejapria%26search_id%3D20251227171509CD00692C3BFE59066S8L%26src%3Dsearch,fashion-pria/atasan-pria/kemeja-pria,98000,https://p16-images-sign-sg.tokopedia-static.net/tos-alisg-i-aphluv4xwc-sg/img/VqbcmM/2024/7/15/d83b48ff-c1d5-4f4b-bf78-d42e68075e57.jpg~tplv-aphluv4xwc-white-pad-v1:200:200.jpeg?lk3s=97278606&x-expires=1766859310&x-signature=5gIky15cW8OYjZY47kPNTlIHZsU%3D&x-signature-webp=Er4GzXi1ljN5CZHJe01dp%2FcpK5A%3D,4.8,0,17677323,Men's Clothing Collection,Tangerang,3,100.0,False,"[{""position"": ""ri_product_credibility"", ""title"": ""100+ terjual"", ""type"": """", ""url"": """", ""styles"": [], ""__typename"": ""SearchProductV5LabelGroups""}, {""position"": ""overlay_1"", ""title"": ""Campaign"", ""type"": """", ""url"": ""https://p16-uploadpedia-sg.tokopedia.net/tos-alisg-i-zxty12jeln-sg/123.png~tplv-zxty12jeln-image.image"", ""styles"": [], ""__typename"": ""SearchProductV5LabelGroups""}, {""position"": ""final_price"", ""title"": ""Rp98.000"", ""type"": """", ""url"": """", ""styles"": [{""key"": ""text-color"", ""value"": ""#080808"", ""__typename"": ""SearchProductV5LabelGroupsStyle""}], ""__typename"": ""SearchProductV5LabelGroups""}]",86,25
100508758378,CUTOFF Clark Kemeja Pria Oxford Panjang,https://www.tokopedia.com/cutoff/cutoff-clark-kemeja-pria-oxford-panjang-1729583967913806479?extParam=ivf%3Dtrue%26keyword%3Dkemejapria%26search_id%3D20251227171509CD00692C3BFE59066S8L%26src%3Dsearch,fashion-pria/atasan-pria/kemeja-pria,184000,https://p16-images-sign-sg.tokopedia-static.net/tos-alisg-i-aphluv4xwc-sg/d64e9d23ecce4f6b8af5e558ed69f7e1~tplv-aphluv4xwc-white-pad-v1:200:200.jpeg?lk3s=97278606&x-expires=1766859310&x-signature=2Qk1WJ6crZTcTuPaQrlaTBu43JA%3D&x-signature-webp=qBc7rapny2A0savQoHny1j4ivsY%3D,4.9,0,8043644,cutoff.id,Surabaya,2,10000.0,False,"[{""position"": ""ri_product_credibility"", ""title"": ""10rb+ terjual"", ""type"": """", ""url"": """", ""styles"": [], ""__typename"": ""SearchProductV5LabelGroups""}, {""position"": ""overlay_1"", ""title"": ""Campaign"", ""type"": """", ""url"": ""https://p16-uploadpedia-sg.tokopedia.net/tos-alisg-i-zxty12jeln-sg/123.png~tplv-zxty12jeln-image.image"", ""styles"": [], ""__typename"": ""SearchProductV5LabelGroups""}, {""position"": ""overlay_3"", ""title"": ""Beli Lokal"", ""type"": """", ""url"": ""https://images.tokopedia.net/img/vMWOpN/2025/10/16/1e33b6b7-d4bb-4aed-a1af-ebb46043c369.png"", ""styles"": [], ""__typename"": ""SearchProductV5LabelGroups""}, {""position"": ""final_price"", ""title"": ""Rp184.000"", ""type"": """", ""url"": """", ""styles"": [{""key"": ""text-color"", ""value"": ""#080808"", ""__typename"": ""SearchProductV5LabelGroupsStyle""}], ""__typename"": ""SearchProductV5LabelGroups""}]",2772,1728
11725653697,EXCLUSIVE KEMEJA PRIA LENGAN PANJANG WHITE PURE LINEN SLUB ORIGINAL,https://www.tokopedia.com/arnad/exclusive-kemeja-pria-lengan-panjang-white-pure-linen-slub-original-chocolate-s-df70b?extParam=ivf%3Dfalse%26keyword%3Dkemejapria%26search_id%3D20251227171509CD00692C3BFE59066S8L%26src%3Dsearch,fashion-pria/atasan-pria/kemeja-pria,250000,https://p16-images-sign-sg.tokopedia-static.net/tos-alisg-i-aphluv4xwc-sg/img/VqbcmM/2022/1/30/fe5f9cae-6a7a-42a3-8688-3ff4c4dde374.jpg~tplv-aphluv4xwc-white-pad-v1:200:200.jpeg?lk3s=97278606&x-expires=1766859310&x-signature=Qyz0wyBdHgP8t0YnYU51x98kkGA%3D&x-signature-webp=zVMV5njYTXYoWR3mt7Kcbgqxje8%3D,4.8,0,9964262,ARNAD,Jakarta Barat,1,1000.0,False,"[{""position"": ""ri_product_credibility"", ""title"": ""1rb+ terjual"", ""type"": """", ""url"": """", ""styles"": [], ""__typename"": ""SearchProductV5LabelGroups""}, {""position"": ""overlay_1"", ""title"": ""Campaign"", ""type"": """", ""url"": ""https://p16-uploadpedia-sg.tokopedia.net/tos-alisg-i-zxty12jeln-sg/123.png~tplv-zxty12jeln-image.image"", ""styles"": [], ""__typename"": ""SearchProductV5LabelGroups""}, {""position"": ""final_price"", ""title"": ""Rp250.000"", ""type"": """", ""url"": """", ""styles"": [{""key"": ""text-color"", ""value"": ""#080808"", ""__typename"": ""SearchProductV5LabelGroupsStyle""}], ""__typename"": ""SearchProductV5LabelGroups""}]",435,115
100266361266,DOWEAR BAJU KEMEJA KEKINIAN PRIA WANITA MOTIF 672 ELEGANT SILVER SHIRT BAHAN KATUN MIKRO,https://www.tokopedia.com/dowear-611/dowear-baju-kemeja-kekinian-pria-wanita-motif-672-elegant-silver-shirt-bahan-katun-mikro-1731162093747078343?extParam=ivf%3Dfalse%26keyword%3Dkemejapria%26search_id%3D20251227171509CD00692C3BFE59066S8L%26src%3Dsearch,fashion-pria/atasan-pria/kemeja-pria,79599,https://p16-images-sign-sg.tokopedia-static.net/tos-alisg-i-aphluv4xwc-sg/69f78ab4e9af4bb3bc69f19e1723d749~tplv-aphluv4xwc-white-pad-v1:200:200.jpeg?lk3s=97278606&x-expires=1766859310&x-signature=1n9RTP2632Pa3QtI7W%2BRuyUz17E%3D&x-signature-webp=EXhePsdvxH2D1jS%2FCAzVG2qlgY0%3D,4.6,0,7494969232637921479,DOWEAR_NEW,Kab. Bekasi,3,2000.0,False,"[{""position"": ""ri_product_credibility"", ""title"": ""2rb+ terjual"", ""type"": """", ""url"": """", ""styles"": [], ""__typename"": ""SearchProductV5LabelGroups""}, {""position"": ""overlay_1"", ""title"": ""Campaign"", ""type"": """", ""url"": ""https://p16-uploadpedia-sg.tokopedia.net/tos-alisg-i-zxty12jeln-sg/123.png~tplv-zxty12jeln-image.image"", ""styles"": [], ""__typename"": ""SearchProductV5LabelGroups""}, {""position"": ""final_price"", ""title"": ""Rp79.599"", ""type"": """", ""url"": """", ""styles"": [{""key"": ""text-color"", ""value"": ""#080808"", ""__typename"": ""SearchProductV5LabelGroupsStyle""}], ""__typename"": ""SearchProductV5LabelGroups""}]",232,109
100733693980,kemeja P.O.L.O's lengan panjang pria polos//logo bordir//kemeja lengan panjang pria premium,https://www.tokopedia.com/ap0l0store/kemeja-p-o-l-o-s-lengan-panjang-pria-polos-logo-bordir-kemeja-lengan-panjang-pria-premium-1731887022023411306?extParam=ivf%3Dfalse%26keyword%3Dkemejapria%26search_id%3D20251227171509CD00692C3BFE59066S8L%26src%3Dsearch,fashion-pria/atasan-pria/kemeja-pria,179000,https://p19-images-sign-sg.tokopedia-static.net/tos-alisg-i-aphluv4xwc-sg/3a71a405a335467e8f9604d8ba9408d6~tplv-aphluv4xwc-white-pad-v1:200:200.jpeg?lk3s=97278606&x-expires=1766859310&x-signature=88YRGc%2BPuZsuuMgkX%2BcECNa6h4g%3D&x-signature-webp=LNF2egfiCOxRe5oifGxARWiqK2I%3D,4.5,0,7494503834394790506,Ap0L0store,Jakarta Selatan,1,100.0,False,"[{""position"": ""ri_product_credibility"", ""title"": ""100+ terjual"", ""type"": """", ""url"": """", ""styles"": [], ""__typename"": ""SearchProductV5LabelGroups""}, {""position"": ""overlay_1"", ""title"": ""Campaign"", ""type"": """", ""url"": ""https://p16-uploadpedia-sg.tokopedia.net/tos-alisg-i-zxty12jeln-sg/123.png~tplv-zxty12jeln-image.image"", ""styles"": [], ""__typename"": ""SearchProductV5LabelGroups""}, {""position"": ""final_price"", ""title"": ""Rp179.000"", ""type"": """", ""url"": """", ""styles"": [{""key"": ""text-color"", ""value"": ""#080808"", ""__typename"": ""SearchProductV5LabelGroupsStyle""}], ""__typename"": ""SearchProductV5LabelGroups""}]",19,17
100203358938,promo kemeja LCT polos pria premium terbaru//kemeja kasual pria//kemeja kantoran lengan panjang bahan katun,https://www.tokopedia.com/maxximof-store/promo-kemeja-lct-polos-pria-premium-terbaru-kemeja-kasual-pria-kemeja-kantoran-lengan-panjang-bahan-katun-1730141116809381588?extParam=ivf%3Dfalse%26keyword%3Dkemejapria%26search_id%3D20251227171509CD00692C3BFE59066S8L%26src%3Dsearch,fashion-pria/atasan-pria/kemeja-pria,180010,https://p16-images-sign-sg.tokopedia-static.net/tos-alisg-i-aphluv4xwc-sg/1f5235a1154f41249b09b3c803f72fa2~tplv-aphluv4xwc-white-pad-v1:200:200.jpeg?lk3s=97278606&x-expires=1766859310&x-signature=%2FMwfMF%2ByyUs2k7RIGPtJSmXIcdk%3D&x-signature-webp=XEvdQJs8nbFxD2tEIGORvqfUC38%3D,4.7,0,7494909585488644820,Maxximof Store,Jakarta Barat,3,100.0,False,"[{""position"": ""ri_product_credibility"", ""title"": ""100+ terjual"", ""type"": """", ""url"": """", ""styles"": [], ""__typename"": ""SearchProductV5LabelGroups""}, {""position"": ""overlay_1"", ""title"": ""Campaign"", ""type"": """", ""url"": ""https://p16-uploadpedia-sg.tokopedia.net/tos-alisg-i-zxty12jeln-sg/123.png~tplv-zxty12jeln-image.image"", ""styles"": [], ""__typename"": ""SearchProductV5LabelGroups""}, {""position"": ""final_price"", ""title"": ""Rp180.010"", ""type"": """", ""url"": """", ""styles"": [{""key"": ""text-color"", ""value"": ""#080808"", ""__typename"": ""SearchProductV5LabelGroupsStyle""}], ""__typename"": ""SearchProductV5LabelGroups""}]",36,19
100030041461,PAKET SUPER HEMAT 2PCS CUMA 50RIBU KEMEJA PRIA KEMEJA PRIA LENGAN PENDEK KEMEJA POLOS PRIA LENGAN PENDEK,https://www.tokopedia.com/freedo-store/paket-super-hemat-2pcs-cuma-50ribu-kemeja-pria-kemeja-pria-lengan-pendek-kemeja-polos-pria-lengan-pendek-1730676165213062989?extParam=ivf%3Dfalse%26keyword%3Dkemejapria%26search_id%3D20251227171509CD00692C3BFE59066S8L%26src%3Dsearch,fashion-pria/atasan-pria/kemeja-pria,60000,https://p16-images-sign-sg.tokopedia-static.net/tos-alisg-i-aphluv4xwc-sg/da0e0d09e1d04138905f357f26dc031c~tplv-aphluv4xwc-white-pad-v1:200:200.jpeg?lk3s=97278606&x-expires=1766859310&x-signature=uZcQsyJv0x7iQpuCv9X2eUjn%2B%2F8%3D&x-signature-webp=58j4UKJ7J8ps2LXTxmIFn%2B9vJDk%3D,4.4,0,7495883371249896269,FREEDO STORE_NEW,Kab. Pemalang,3,2000.0,False,"[{""position"": ""ri_product_credibility"", ""title"": ""2rb+ terjual"", ""type"": """", ""url"": """", ""styles"": [], ""__typename"": ""SearchProductV5LabelGroups""}, {""position"": ""overlay_1"", ""title"": ""Campaign"", ""type"": """", ""url"": ""https://p16-uploadpedia-sg.tokopedia.net/tos-alisg-i-zxty12jeln-sg/123.png~tplv-zxty12jeln-image.image"", ""styles"": [], ""__typename"": ""SearchProductV5LabelGroups""}, {""position"": ""final_price"", ""title"": ""Rp60.000"", ""type"": """", ""url"": """", ""styles"": [{""key"": ""text-color"", ""value"": ""#080808"", ""__typename"": ""SearchProductV5LabelGroupsStyle""}], ""__typename"": ""SearchProductV5LabelGroups""}]",230,120
14711056417,kemeja lengan pendek UNIQLO ukuran jumbo ukuran M L XL XXL 3XL 4XL 5XL,https://www.tokopedia.com/kemeja97/kemeja-lengan-pendek-uniqlo-ukuran-jumbo-ukuran-m-l-xl-xxl-3xl-4xl-5xl-putih-5xl-7ec23?extParam=ivf%3Dfalse%26keyword%3Dkemejapria%26search_id%3D20251227171509CD00692C3BFE59066S8L%26src%3Dsearch,fashion-pria/atasan-pria/kemeja-pria,155000,https://p16-images-sign-sg.tokopedia-static.net/tos-alisg-i-aphluv4xwc-sg/img/VqbcmM/2024/8/5/88274a26-fa77-4629-8f48-47de3435a8da.jpg~tplv-aphluv4xwc-white-pad-v1:200:200.jpeg?lk3s=97278606&x-expires=1766859310&x-signature=qttwCFKpKOa4cGTwKnp1TtKRdpA%3D&x-signature-webp=LOBcXUeNVrF1cpuQhT9ltsI53co%3D,4.7,0,17713717,kemeja97,Jakarta Barat,1,2000.0,False,"[{""position"": ""ri_product_credibility"", ""title"": ""2rb+ terjual"", ""type"": """", ""url"": """", ""styles"": [], ""__typename"": ""SearchProductV5LabelGroups""}, {""position"": ""overlay_1"", ""title"": ""Campaign"", ""type"": """", ""url"": ""https://p16-uploadpedia-sg.tokopedia.net/tos-alisg-i-zxty12jeln-sg/123.png~tplv-zxty12jeln-image.image"", ""styles"": [], ""__typename"": ""SearchProductV5LabelGroups""}, {""position"": ""final_price"", ""title"": ""Rp155.000"", ""type"": """", ""url"": """", ""styles"": [{""key"": ""text-color"", ""value"": ""#080808"", ""__typename"": ""SearchProductV5LabelGroupsStyle""}], ""__typename"": ""SearchProductV5LabelGroups""}]",814,200
100550067918,Kemeja Embos Sultan Lengan Pendek Pria Hijau Botol Casual Slim-fit,https://www.tokopedia.com/detakoriginals/kemeja-embos-sultan-lengan-pendek-pria-hijau-botol-casual-slim-fit-1729744275027428627?extParam=ivf%3Dfalse%26keyword%3Dkemejapria%26search_id%3D20251227171509CD00692C3BFE59066S8L%26src%3Dsearch,fashion-pria/atasan-pria/kemeja-pria,119900,https://p16-images-sign-sg.tokopedia-static.net/tos-alisg-i-aphluv4xwc-sg/a6ac1f7a7da242c5bac7aeddf0b5a8e5~tplv-aphluv4xwc-white-pad-v1:200:200.jpeg?lk3s=97278606&x-expires=1766859310&x-signature=djkPhLJtCLh90gdgEMKt4h1kvOg%3D&x-signature-webp=vqAmSIZ2zXRu9NNNcSzWiqJNkj0%3D,4.9,0,9479481,DETAK ORIGINAL,Tangerang,2,100.0,False,"[{""position"": ""ri_product_credibility"", ""title"": ""100+ terjual"", ""type"": """", ""url"": """", ""styles"": [], ""__typename"": ""SearchProductV5LabelGroups""}, {""position"": ""overlay_1"", ""title"": ""Campaign"", ""type"": """", ""url"": ""https://p16-uploadpedia-sg.tokopedia.net/tos-alisg-i-zxty12jeln-sg/123.png~tplv-zxty12jeln-image.image"", ""styles"": [], ""__typename"": ""SearchProductV5LabelGroups""}, {""position"": ""final_price"", ""title"": ""Rp119.900"", ""type"": """", ""url"": """", ""styles"": [{""key"": ""text-color"", ""value"": ""#080808"", ""__typename"": ""SearchProductV5LabelGroupsStyle""}], ""__typename"": ""SearchProductV5LabelGroups""}]",37,29
100106227968,BOSS Kemeja Polos Pria Lengan Panjang Regular Fit Putih,https://www.tokopedia.com/kemeja-boss-store/boss-kemeja-polos-pria-lengan-panjang-regular-fit-putih-1729584242420320362?extParam=ivf%3Dtrue%26keyword%3Dkemejapria%26search_id%3D20251227171509CD00692C3BFE59066S8L%26src%3Dsearch,fashion-pria/atasan-pria/kemeja-pria,154900,https://p16-images-common-sign-sg.tokopedia-static.net/tos-maliva-i-o3syd03w52-us/0c244bfb9a57443ba92b63fe99ceec66~tplv-o3syd03w52-resize-jpeg:200:200.jpeg?lk3s=97278606&x-expires=1766859310&x-signature=YjAHb886ZcDODODdrRdqadaD5qY%3D&x-signature-webp=Q2VqBfz4oL%2FrgVRSpH2rbDbCC%2Fs%3D,4.9,0,7494897103438514282,Kemeja BOSS Store,Jakarta Barat,2,6000.0,False,"[{""position"": ""ri_product_credibility"", ""title"": ""6rb+ terjual"", ""type"": """", ""url"": """", ""styles"": [], ""__typename"": ""SearchProductV5LabelGroups""}, {""position"": ""overlay_1"", ""title"": ""Campaign"", ""type"": """", ""url"": ""https://p16-uploadpedia-sg.tokopedia.net/tos-alisg-i-zxty12jeln-sg/123.png~tplv-zxty12jeln-image.image"", ""styles"": [], ""__typename"": ""SearchProductV5LabelGroups""}, {""position"": ""final_price"", ""title"": ""Rp154.900"", ""type"": """", ""url"": """", ""styles"": [{""key"": ""text-color"", ""value"": ""#080808"", ""__typename"": ""SearchProductV5LabelGroupsStyle""}], ""__typename"": ""SearchProductV5LabelGroups""}]",1303,574
100276445774,TURSAWEAR Kemeja Pria Waffle Knit Baju Atasan Top Cowok Lengan Panjang Motif Polos Slimfit Putih,https://www.tokopedia.com/tursawear/tursawear-kemeja-pria-waffle-knit-baju-atasan-top-cowok-lengan-panjang-motif-polos-slimfit-putih-1730751768729519505?extParam=ivf%3Dfalse%26keyword%3Dkemejapria%26search_id%3D20251227171509CD00692C3BFE59066S8L%26src%3Dsearch,fashion-pria/atasan-pria/kemeja-pria,125000,https://p16-images-sign-sg.tokopedia-static.net/tos-alisg-i-aphluv4xwc-sg/7414922743064682a7f30e67b338def9~tplv-aphluv4xwc-white-pad-v1:200:200.jpeg?lk3s=97278606&x-expires=1766859310&x-signature=FjR3vCu1jS1jTFwB2CjVEkoUw%2Bk%3D&x-signature-webp=0hdWonHFkveYYjfolmoywpNa6GY%3D,4.8,0,18463093,TURSA WEAR,Kab. Bandung Barat,3,1000.0,False,"[{""position"": ""ri_product_credibility"", ""title"": ""1rb+ terjual"", ""type"": """", ""url"": """", ""styles"": [], ""__typename"": ""SearchProductV5LabelGroups""}, {""position"": ""overlay_1"", ""title"": ""Campaign"", ""type"": """", ""url"": ""https://p16-uploadpedia-sg.tokopedia.net/tos-alisg-i-zxty12jeln-sg/123.png~tplv-zxty12jeln-image.image"", ""styles"": [], ""__typename"": ""SearchProductV5LabelGroups""}, {""position"": ""final_price"", ""title"": ""Rp125.000"", ""type"": """", ""url"": """", ""styles"": [{""key"": ""text-color"", ""value"": ""#080808"", ""__typename"": ""SearchProductV5LabelGroupsStyle""}], ""__typename"": ""SearchProductV5LabelGroups""}]",120,74
16600677220,Kemeja Uniqlo Blue and Soft Blue,https://www.tokopedia.com/streetsecondid/kemeja-uniqlo-blue-and-soft-blue-1731201001844803394?extParam=ivf%3Dfalse%26keyword%3Dkemejapria%26search_id%3D20251227171509CD00692C3BFE59066S8L%26src%3Dsearch,fashion-pria/atasan-pria/kemeja-pria,185000,https://p16-images-sign-sg.tokopedia-static.net/tos-alisg-i-aphluv4xwc-sg/img/VqbcmM/2025/4/19/c4310c03-9f0f-454d-be3c-fd5dec1edc27.jpg~tplv-aphluv4xwc-white-pad-v1:200:200.jpeg?lk3s=97278606&x-expires=1766859310&x-signature=QIM36ZW2DvWvrpfd7SGQB6VEbO4%3D&x-signature-webp=EqWhossKJvXK13wsOzwMgJMP8wA%3D,0.0,0,16982312,StreetSecond.ID,Kab. Bandung,1,,False,"[{""position"": ""overlay_1"", ""title"": ""Campaign"", ""type"": """", ""url"": ""https://p16-uploadpedia-sg.tokopedia.net/tos-alisg-i-zxty12jeln-sg/123.png~tplv-zxty12jeln-image.image"", ""styles"": [], ""__typename"": ""SearchProductV5LabelGroups""}, {""position"": ""final_price"", ""title"": ""Rp185.000"", ""type"": """", ""url"": """", ""styles"": [{""key"": ""text-color"", ""value"": ""#080808"", ""__typename"": ""SearchProductV5LabelGroupsStyle""}], ""__typename"": ""SearchProductV5LabelGroups""}]",0,0
100054881477,Kemeja pria lengan panjang // kemeja polos distro Fit Navy Casual Basic Kerah Hitam Biru Katun Formal Slim Baju Slimfit standard sesuai gambar,https://www.tokopedia.com/mengstore27-414/kemeja-pria-lengan-panjang-kemeja-polos-distro-fit-navy-casual-basic-kerah-hitam-biru-katun-formal-slim-baju-slimfit-standard-sesuai-gambar-1729818427702019501?extParam=ivf%3Dfalse%26keyword%3Dkemejapria%26search_id%3D20251227171509CD00692C3BFE59066S8L%26src%3Dsearch,fashion-pria/atasan-pria/kemeja-pria,97755,https://p16-images-sign-sg.tokopedia-static.net/tos-alisg-i-aphluv4xwc-sg/8a1a102532ba4340956129e09ddf261f~tplv-aphluv4xwc-white-pad-v1:200:200.jpeg?lk3s=97278606&x-expires=1766859310&x-signature=bk%2FTU3mugw2hG4x6aEKiTUkgDeA%3D&x-signature-webp=1v307hfNEvGGuYFTjcCUULkbxMs%3D,4.2,0,7494829792573753773,MengStore27,Jakarta Barat,1,1000.0,False,"[{""position"": ""ri_product_credibility"", ""title"": ""1rb+ terjual"", ""type"": """", ""url"": """", ""styles"": [], ""__typename"": ""SearchProductV5LabelGroups""}, {""position"": ""overlay_1"", ""title"": ""Campaign"", ""type"": """", ""url"": ""https://p16-uploadpedia-sg.tokopedia.net/tos-alisg-i-zxty12jeln-sg/123.png~tplv-zxty12jeln-image.image"", ""styles"": [], ""__typename"": ""SearchProductV5LabelGroups""}, {""position"": ""final_price"", ""title"": ""Rp97.755"", ""type"": """", ""url"": """", ""styles"": [{""key"": ""text-color"", ""value"": ""#080808"", ""__typename"": ""SearchProductV5LabelGroupsStyle""}], ""__typename"": ""SearchProductV5LabelGroups""}]",274,166
100253466132,Kemeja Pria Polos Slimfit Lengan Panjang Katun Premium Kemeja Kantor Biru Casual Laris Formal,https://www.tokopedia.com/am-store-780/kemeja-pria-polos-slimfit-lengan-panjang-katun-premium-kemeja-kantor-biru-casual-laris-formal-1729750670354974160?extParam=ivf%3Dfalse%26keyword%3Dkemejapria%26search_id%3D20251227171509CD00692C3BFE59066S8L%26src%3Dsearch,fashion-pria/atasan-pria/kemeja-pria,205000,https://p19-images-sign-sg.tokopedia-static.net/tos-alisg-i-aphluv4xwc-sg/c2ee405b55b24796a4e049ec1bbdf0dd~tplv-aphluv4xwc-white-pad-v1:200:200.jpeg?lk3s=97278606&x-expires=1766859310&x-signature=WA%2FefRC6pIkjjy8htEst1S29pnI%3D&x-signature-webp=PRlwVfyqZFRV%2F83hfX2eZMVptyA%3D,4.8,0,7495086703293204944,AM. store,Jakarta Barat,3,500.0,False,"[{""position"": ""ri_product_credibility"", ""title"": ""500+ terjual"", ""type"": """", ""url"": """", ""styles"": [], ""__typename"": ""SearchProductV5LabelGroups""}, {""position"": ""overlay_1"", ""title"": ""Campaign"", ""type"": """", ""url"": ""https://p16-uploadpedia-sg.tokopedia.net/tos-alisg-i-zxty12jeln-sg/123.png~tplv-zxty12jeln-image.image"", ""styles"": [], ""__typename"": ""SearchProductV5LabelGroups""}, {""position"": ""final_price"", ""title"": ""Rp205.000"", ""type"": """", ""url"": """", ""styles"": [{""key"": ""text-color"", ""value"": ""#080808"", ""__typename"": ""SearchProductV5LabelGroupsStyle""}], ""__typename"": ""SearchProductV5LabelGroups""}]",105,46
102309076169,Kemeja Pria Lengan Panjang Green Original Brand Maggchlo Bahan Cotton Pique,https://www.tokopedia.com/maggchlo-shop/kemeja-pria-lengan-panjang-green-original-brand-maggchlo-bahan-cotton-pique-1732605224222492382?extParam=ivf%3Dfalse%26keyword%3Dkemejapria%26search_id%3D20251227171509CD00692C3BFE59066S8L%26src%3Dsearch,fashion-pria/atasan-pria/kemeja-pria,123938,https://p16-images-sign-sg.tokopedia-static.net/tos-alisg-i-aphluv4xwc-sg/3b69553c16f443b28d9dcff1953205fb~tplv-aphluv4xwc-white-pad-v1:200:200.jpeg?lk3s=97278606&x-expires=1766859310&x-signature=fgSi7xII9Vu1M5N%2FxG2skImISws%3D&x-signature-webp=wAwlXkO1a03TynuXdkWNvuDyKdk%3D,5.0,0,7494164360764229342,Maggchlo Shop,Kab. Bandung,1,25.0,False,"[{""position"": ""ri_product_credibility"", ""title"": ""25 terjual"", ""type"": """", ""url"": """", ""styles"": [], ""__typename"": ""SearchProductV5LabelGroups""}, {""position"": ""overlay_1"", ""title"": ""Campaign"", ""type"": """", ""url"": ""https://p16-uploadpedia-sg.tokopedia.net/tos-alisg-i-zxty12jeln-sg/123.png~tplv-zxty12jeln-image.image"", ""styles"": [], ""__typename"": ""SearchProductV5LabelGroups""}, {""position"": ""final_price"", ""title"": ""Rp123.938"", ""type"": """", ""url"": """", ""styles"": [{""key"": ""text-color"", ""value"": ""#080808"", ""__typename"": ""SearchProductV5LabelGroupsStyle""}], ""__typename"": ""SearchProductV5LabelGroups""}]",4,4
100017233695,PROMO PAKET HEMAT 70 RIBU DAPAT 3 PCS KEMEJA MOTIF LENGAN PENDEK Katun Surfing Pria Cowok,https://www.tokopedia.com/syafa287/promo-paket-hemat-70-ribu-dapat-3-pcs-kemeja-motif-lengan-pendek-katun-surfing-pria-cowok-1729642967893116788?extParam=ivf%3Dfalse%26keyword%3Dkemejapria%26search_id%3D20251227171509CD00692C3BFE59066S8L%26src%3Dsearch,fashion-pria/atasan-pria/kemeja-pria,95000,https://p16-images-sign-sg.tokopedia-static.net/tos-alisg-i-aphluv4xwc-sg/08e5bb6a862c4a208b996f0c862fe1c2~tplv-aphluv4xwc-white-pad-v1:200:200.jpeg?lk3s=97278606&x-expires=1766859310&x-signature=6qsM4VkQgeVP%2Fj2ppLji30ZaruI%3D&x-signature-webp=YdZ3F00U40u3Twk3Lc4NLDA7uwM%3D,4.7,0,7494770420455869300,syafa287,Kab. Pemalang,3,7000.0,False,"[{""position"": ""ri_product_credibility"", ""title"": ""7rb+ terjual"", ""type"": """", ""url"": """", ""styles"": [], ""__typename"": ""SearchProductV5LabelGroups""}, {""position"": ""overlay_1"", ""title"": ""Campaign"", ""type"": """", ""url"": ""https://p16-uploadpedia-sg.tokopedia.net/tos-alisg-i-zxty12jeln-sg/123.png~tplv-zxty12jeln-image.image"", ""styles"": [], ""__typename"": ""SearchProductV5LabelGroups""}, {""position"": ""final_price"", ""title"": ""Rp95.000"", ""type"": """", ""url"": """", ""styles"": [{""key"": ""text-color"", ""value"": ""#080808"", ""__typename"": ""SearchProductV5LabelGroupsStyle""}], ""__typename"": ""SearchProductV5LabelGroups""}]",534,275
100738931368,Kemeja Pria Lengan Panjang-Kemeja Panjang Salur Stripe Oxford Premium-Kemeja Casual Pria-okstylee,https://www.tokopedia.com/bellvanya/kemeja-pria-lengan-panjang-kemeja-panjang-salur-stripe-oxford-premium-kemeja-casual-pria-okstylee-1731895356243674904?extParam=ivf%3Dfalse%26keyword%3Dkemejapria%26search_id%3D20251227171509CD00692C3BFE59066S8L%26src%3Dsearch,fashion-pria/atasan-pria/kemeja-pria,125000,https://p16-images-sign-sg.tokopedia-static.net/tos-alisg-i-aphluv4xwc-sg/a2a994b9c1f44962a1c2c60c163afcff~tplv-aphluv4xwc-white-pad-v1:200:200.jpeg?lk3s=97278606&x-expires=1766859310&x-signature=WQza90BKydyDhm6qEIfZKa51nk4%3D&x-signature-webp=kRWwEsz4ScYlbQsaVbjwajT3OaI%3D,4.9,0,7494693008405596952,Bellvanya_NEW,Jakarta Selatan,3,1000.0,False,"[{""position"": ""ri_product_credibility"", ""title"": ""1rb+ terjual"", ""type"": """", ""url"": """", ""styles"": [], ""__typename"": ""SearchProductV5LabelGroups""}, {""position"": ""overlay_1"", ""title"": ""Campaign"", ""type"": """", ""url"": ""https://p16-uploadpedia-sg.tokopedia.net/tos-alisg-i-zxty12jeln-sg/123.png~tplv-zxty12jeln-image.image"", ""styles"": [], ""__typename"": ""SearchProductV5LabelGroups""}, {""position"": ""final_price"", ""title"": ""Rp125.000"", ""type"": """", ""url"": """", ""styles"": [{""key"": ""text-color"", ""value"": ""#080808"", ""__typename"": ""SearchProductV5LabelGroupsStyle""}], ""__typename"": ""SearchProductV5LabelGroups""}]",298,129
100550067250,Detak Original Kemeja Embos Sultan Lengan Pendek Pria Hitam Etnik Casual Slim-fit,https://www.tokopedia.com/detakoriginals/detak-original-kemeja-embos-sultan-lengan-pendek-pria-hitam-etnik-casual-slim-fit-1729744384468747539?extParam=ivf%3Dfalse%26keyword%3Dkemejapria%26search_id%3D20251227171509CD00692C3BFE59066S8L%26src%3Dsearch,fashion-pria/atasan-pria/kemeja-pria,119900,https://p16-images-sign-sg.tokopedia-static.net/tos-alisg-i-aphluv4xwc-sg/4a8dcf8d38a44ebea464dda763358e28~tplv-aphluv4xwc-white-pad-v1:200:200.jpeg?lk3s=97278606&x-expires=1766859310&x-signature=pbWvdk%2FU%2BETddv5BgWDsl1I3H6k%3D&x-signature-webp=DONR%2Bw0fm7AAVZSvmZs8ZvTgvbk%3D,4.8,0,9479481,DETAK ORIGINAL,Tangerang,2,2000.0,False,"[{""position"": ""ri_product_credibility"", ""title"": ""2rb+ terjual"", ""type"": """", ""url"": """", ""styles"": [], ""__typename"": ""SearchProductV5LabelGroups""}, {""position"": ""overlay_1"", ""title"": ""Campaign"", ""type"": """", ""url"": ""https://p16-uploadpedia-sg.tokopedia.net/tos-alisg-i-zxty12jeln-sg/123.png~tplv-zxty12jeln-image.image"", ""styles"": [], ""__typename"": ""SearchProductV5LabelGroups""}, {""position"": ""final_price"", ""title"": ""Rp119.900"", ""type"": """", ""url"": """", ""styles"": [{""key"": ""text-color"", ""value"": ""#080808"", ""__typename"": ""SearchProductV5LabelGroupsStyle""}], ""__typename"": ""SearchProductV5LabelGroups""}]",546,427
102057800200,ALISAN Kemeja Polos Abu6 Abu Tua Slinfit Krah Bedasi Slimfit Lengan Panjang Formal Casual Daily Kantor dengan Kantong Depan,https://www.tokopedia.com/casualformalwear/alisan-kemeja-polos-abu6-abu-tua-slinfit-krah-bedasi-slimfit-lengan-panjang-formal-casual-daily-kantor-dengan-kantong-depan-1732142676458309626?extParam=ivf%3Dfalse%26keyword%3Dkemejapria%26search_id%3D20251227171509CD00692C3BFE59066S8L%26src%3Dsearch,fashion-pria/atasan-pria/kemeja-pria,82089,https://p16-images-sign-sg.tokopedia-static.net/tos-alisg-i-aphluv4xwc-sg/fd33b39910954b47a39dd74a07920ec2~tplv-aphluv4xwc-white-pad-v1:200:200.jpeg?lk3s=97278606&x-expires=1766859310&x-signature=ZJGgLKZWd2aazQeNUFJvll3JlJY%3D&x-signature-webp=yP1rwh%2FiC%2ByivcR0Yy41%2F%2B3lvHk%3D,4.9,0,7496069872406531066,CasualFormal.Wear,Jakarta Barat,1,80.0,False,"[{""position"": ""ri_product_credibility"", ""title"": ""80+ terjual"", ""type"": """", ""url"": """", ""styles"": [], ""__typename"": ""SearchProductV5LabelGroups""}, {""position"": ""overlay_1"", ""title"": ""Campaign"", ""type"": """", ""url"": ""https://p16-uploadpedia-sg.tokopedia.net/tos-alisg-i-zxty12jeln-sg/123.png~tplv-zxty12jeln-image.image"", ""styles"": [], ""__typename"": ""SearchProductV5LabelGroups""}, {""position"": ""final_price"", ""title"": ""Rp82.089"", ""type"": """", ""url"": """", ""styles"": [{""key"": ""text-color"", ""value"": ""#080808"", ""__typename"": ""SearchProductV5LabelGroupsStyle""}], ""__typename"": ""SearchProductV5LabelGroups""}]",8,8
100843950979,POLO's Kemeja Lengan Panjang Salur Logo Bordir Slim fit Pria Casual Nyaman Motif,https://www.tokopedia.com/poloofficial/polo-s-kemeja-lengan-panjang-salur-logo-bordir-slim-fit-pria-casual-nyaman-motif-1732043142440125874?extParam=ivf%3Dfalse%26keyword%3Dkemejapria%26search_id%3D20251227171509CD00692C3BFE59066S8L%26src%3Dsearch,fashion-pria/atasan-pria/kemeja-pria,175912,https://p16-images-sign-sg.tokopedia-static.net/tos-alisg-i-aphluv4xwc-sg/513f80ca110c4fe6b684d652f5379d16~tplv-aphluv4xwc-white-pad-v1:200:200.jpeg?lk3s=97278606&x-expires=1766859310&x-signature=Ky4F9bWzgRNfqP4391vFxZ2TyrY%3D&x-signature-webp=OBrxnuHmDzpHtTGL%2FIWbDtlk9Ak%3D,4.5,0,15916408,PoloOfficial,Jakarta Selatan,1,50.0,False,"[{""position"": ""ri_product_credibility"", ""title"": ""50+ terjual"", ""type"": """", ""url"": """", ""styles"": [], ""__typename"": ""SearchProductV5LabelGroups""}, {""position"": ""overlay_1"", ""title"": ""Campaign"", ""type"": """", ""url"": ""https://p16-uploadpedia-sg.tokopedia.net/tos-alisg-i-zxty12jeln-sg/123.png~tplv-zxty12jeln-image.image"", ""styles"": [], ""__typename"": ""SearchProductV5LabelGroups""}, {""position"": ""final_price"", ""title"": ""Rp175.912"", ""type"": """", ""url"": """", ""styles"": [{""key"": ""text-color"", ""value"": ""#080808"", ""__typename"": ""SearchProductV5LabelGroupsStyle""}], ""__typename"": ""SearchProductV5LabelGroups""}]",15,1
16483435330,"kemeja polos pria lengan panjang P.O.L.O""s, premium original, casual,model slimfit, M.L.XL.XXL. Katun Formal",https://www.tokopedia.com/concoes-store/kemeja-polos-pria-lengan-panjang-p-o-l-o-s-premium-original-casual-model-slimfit-m-l-xl-xxl-katun-formal-1731314498312438835?extParam=ivf%3Dfalse%26keyword%3Dkemejapria%26search_id%3D20251227171509CD00692C3BFE59066S8L%26src%3Dsearch,fashion-pria/atasan-pria/kemeja-pria,201031,https://p16-images-sign-sg.tokopedia-static.net/tos-alisg-i-aphluv4xwc-sg/113bcaa1d58142d19f8b1cc29a73e9af~tplv-aphluv4xwc-white-pad-v1:200:200.jpeg?lk3s=97278606&x-expires=1766859310&x-signature=x1AF1Iujk2pi%2BeXzlZWYmNXJOv0%3D&x-signature-webp=eXxYL67AHXtoomFBrTxufE0mtKo%3D,4.8,0,18471320,Concoes Store,Jakarta Pusat,3,40.0,False,"[{""position"": ""ri_product_credibility"", ""title"": ""40+ terjual"", ""type"": """", ""url"": """", ""styles"": [], ""__typename"": ""SearchProductV5LabelGroups""}, {""position"": ""overlay_1"", ""title"": ""Campaign"", ""type"": """", ""url"": ""https://p16-uploadpedia-sg.tokopedia.net/tos-alisg-i-zxty12jeln-sg/123.png~tplv-zxty12jeln-image.image"", ""styles"": [], ""__typename"": ""SearchProductV5LabelGroups""}, {""position"": ""final_price"", ""title"": ""Rp201.031"", ""type"": """", ""url"": """", ""styles"": [{""key"": ""text-color"", ""value"": ""#080808"", ""__typename"": ""SearchProductV5LabelGroupsStyle""}], ""__typename"": ""SearchProductV5LabelGroups""}]",12,2
15976549252,kemeja polos lengan panjang pria tommy's Hilfiger premium,https://www.tokopedia.com/tommyshilfiger/kemeja-polos-lengan-panjang-pria-tommy-s-hilfiger-premium-biru-muda-s-41872?extParam=ivf%3Dfalse%26keyword%3Dkemejapria%26search_id%3D20251227171509CD00692C3BFE59066S8L%26src%3Dsearch,fashion-pria/atasan-pria/kemeja-pria,399499,https://p16-images-sign-sg.tokopedia-static.net/tos-alisg-i-aphluv4xwc-sg/img/VqbcmM/2024/12/29/ba8d3588-4aca-4c35-a3bc-60c3b98943c1.jpg~tplv-aphluv4xwc-white-pad-v1:200:200.jpeg?lk3s=97278606&x-expires=1766859310&x-signature=y2XGBxX%2F6hfzUlKNwkfnagdZ0I4%3D&x-signature-webp=cty18caSetfjvzFY6BwWx2DgaQk%3D,4.6,0,18255222,Tommy'sHilfigerOffcl,Jakarta Pusat,1,250.0,False,"[{""position"": ""ri_product_credibility"", ""title"": ""250+ terjual"", ""type"": """", ""url"": """", ""styles"": [], ""__typename"": ""SearchProductV5LabelGroups""}, {""position"": ""overlay_1"", ""title"": ""Campaign"", ""type"": """", ""url"": ""https://p16-uploadpedia-sg.tokopedia.net/tos-alisg-i-zxty12jeln-sg/123.png~tplv-zxty12jeln-image.image"", ""styles"": [], ""__typename"": ""SearchProductV5LabelGroups""}, {""position"": ""final_price"", ""title"": ""Rp399.499"", ""type"": """", ""url"": """", ""styles"": [{""key"": ""text-color"", ""value"": ""#080808"", ""__typename"": ""SearchProductV5LabelGroupsStyle""}], ""__typename"": ""SearchProductV5LabelGroups""}]",110,28
100624521606,UNIQLO kemeja biru muda pria panjang kasual  Distro  Formal Slim fit,https://www.tokopedia.com/kemeja97/uniqlo-kemeja-biru-muda-pria-panjang-kasual-distro-formal-slim-fit-1731709974680209094?extParam=ivf%3Dfalse%26keyword%3Dkemejapria%26search_id%3D20251227171509CD00692C3BFE59066S8L%26src%3Dsearch,fashion-pria/atasan-pria/kemeja-pria,147600,https://p16-images-sign-sg.tokopedia-static.net/tos-alisg-i-aphluv4xwc-sg/18cf804cae624892ae2f009c36c91058~tplv-aphluv4xwc-white-pad-v1:200:200.jpeg?lk3s=97278606&x-expires=1766859310&x-signature=gKdaT%2FUtosEiabsSYARuhIcOxZg%3D&x-signature-webp=%2FkJr2PY9gIfr6ERceiiXHofmHYM%3D,5.0,0,17713717,kemeja97,Jakarta Barat,1,28.0,False,"[{""position"": ""ri_product_credibility"", ""title"": ""28 terjual"", ""type"": """", ""url"": """", ""styles"": [], ""__typename"": ""SearchProductV5LabelGroups""}, {""position"": ""overlay_1"", ""title"": ""Campaign"", ""type"": """", ""url"": ""https://p16-uploadpedia-sg.tokopedia.net/tos-alisg-i-zxty12jeln-sg/123.png~tplv-zxty12jeln-image.image"", ""styles"": [], ""__typename"": ""SearchProductV5LabelGroups""}, {""position"": ""final_price"", ""title"": ""Rp147.600"", ""type"": """", ""url"": """", ""styles"": [{""key"": ""text-color"", ""value"": ""#080808"", ""__typename"": ""SearchProductV5LabelGroupsStyle""}], ""__typename"": ""SearchProductV5LabelGroups""}]",8,0
15640477043,ralph lauren polo kemeja panjang casual formal katun premium pria  dewasa original,https://www.tokopedia.com/p-r-l-shop/ralph-lauren-polo-kemeja-panjang-casual-formal-katun-premium-pria-dewasa-original-putih-s-d758a?extParam=ivf%3Dfalse%26keyword%3Dkemejapria%26search_id%3D20251227171509CD00692C3BFE59066S8L%26src%3Dsearch,fashion-pria/atasan-pria/kemeja-pria,177600,https://p16-images-sign-sg.tokopedia-static.net/tos-alisg-i-aphluv4xwc-sg/img/VqbcmM/2024/10/29/3b2ee3c2-d4f9-4dfa-b0fd-a219d19cd85c.jpg~tplv-aphluv4xwc-white-pad-v1:200:200.jpeg?lk3s=97278606&x-expires=1766859310&x-signature=%2FBqACs5lcgkPeHpg9tlpPCFSiYo%3D&x-signature-webp=fRzyqDAXZjI3PRcCYzu1yhXNhtQ%3D,4.7,0,17721472,P R L SHOP,Jakarta Barat,1,250.0,False,"[{""position"": ""ri_product_credibility"", ""title"": ""250+ terjual"", ""type"": """", ""url"": """", ""styles"": [], ""__typename"": ""SearchProductV5LabelGroups""}, {""position"": ""overlay_1"", ""title"": ""Campaign"", ""type"": """", ""url"": ""https://p16-uploadpedia-sg.tokopedia.net/tos-alisg-i-zxty12jeln-sg/123.png~tplv-zxty12jeln-image.image"", ""styles"": [], ""__typename"": ""SearchProductV5LabelGroups""}, {""position"": ""final_price"", ""title"": ""Rp177.600"", ""type"": """", ""url"": """", ""styles"": [{""key"": ""text-color"", ""value"": ""#080808"", ""__typename"": ""SearchProductV5LabelGroupsStyle""}], ""__typename"": ""SearchProductV5LabelGroups""}]",83,20
102549862624,kemeja pria polos bahan catoon kemeja kantor casual pria kemeja lengan panjang Baju  Maroon Katun Kerja Dewasa Putih,https://www.tokopedia.com/dela-0fficial0501/kemeja-pria-polos-bahan-catoon-kemeja-kantor-casual-pria-kemeja-lengan-panjang-baju-maroon-katun-kerja-dewasa-putih-1733189749081343899?extParam=ivf%3Dfalse%26keyword%3Dkemejapria%26search_id%3D20251227171509CD00692C3BFE59066S8L%26src%3Dsearch,fashion-pria/atasan-pria/kemeja-pria,135000,https://p16-images-sign-sg.tokopedia-static.net/tos-alisg-i-aphluv4xwc-sg/0471b531c0a5436095484aa11f1bb471~tplv-aphluv4xwc-white-pad-v1:200:200.jpeg?lk3s=97278606&x-expires=1766859310&x-signature=Xsw5vf8mcMhc4aPVJh8mirP%2FbVU%3D&x-signature-webp=bUts%2FejZzSSNtYc%2FfEaUyr%2FEj%2Fo%3D,5.0,0,7495914025998519195,Dela 0fficial0501,Jakarta Pusat,1,11.0,False,"[{""position"": ""ri_product_credibility"", ""title"": ""11 terjual"", ""type"": """", ""url"": """", ""styles"": [], ""__typename"": ""SearchProductV5LabelGroups""}, {""position"": ""overlay_1"", ""title"": ""Campaign"", ""type"": """", ""url"": ""https://p16-uploadpedia-sg.tokopedia.net/tos-alisg-i-zxty12jeln-sg/123.png~tplv-zxty12jeln-image.image"", ""styles"": [], ""__typename"": ""SearchProductV5LabelGroups""}, {""position"": ""final_price"", ""title"": ""Rp135.000"", ""type"": """", ""url"": """", ""styles"": [{""key"": ""text-color"", ""value"": ""#080808"", ""__typename"": ""SearchProductV5LabelGroupsStyle""}], ""__typename"": ""SearchProductV5LabelGroups""}]",1,1
15926558653,Kemeja Pria Kotak Kotak Lengan Pendek / Kemeja Pria Style Kerja / Kemeja Casual Pria Terbaru,https://www.tokopedia.com/mens-clothing-collection/kemeja-pria-kotak-kotak-lengan-pendek-kemeja-pria-style-kerja-kemeja-casual-pria-terbaru-ktk-merah-s-f2211?extParam=ivf%3Dfalse%26keyword%3Dkemejapria%26search_id%3D20251227171509CD00692C3BFE59066S8L%26src%3Dsearch,fashion-pria/atasan-pria/kemeja-pria,85000,https://p16-images-sign-sg.tokopedia-static.net/tos-alisg-i-aphluv4xwc-sg/img/VqbcmM/2024/12/15/0382445f-4508-43d7-affc-e7726fe249dd.jpg~tplv-aphluv4xwc-white-pad-v1:200:200.jpeg?lk3s=97278606&x-expires=1766859310&x-signature=UZ2W1APpd6LUxWUkCTF87Chlj6M%3D&x-signature-webp=L0TqgmXmmvgXzBMJnzIXSW%2Bethk%3D,4.9,0,17677323,Men's Clothing Collection,Tangerang,3,100.0,False,"[{""position"": ""ri_product_credibility"", ""title"": ""100+ terjual"", ""type"": """", ""url"": """", ""styles"": [], ""__typename"": ""SearchProductV5LabelGroups""}, {""position"": ""overlay_1"", ""title"": ""Campaign"", ""type"": """", ""url"": ""https://p16-uploadpedia-sg.tokopedia.net/tos-alisg-i-zxty12jeln-sg/123.png~tplv-zxty12jeln-image.image"", ""styles"": [], ""__typename"": ""SearchProductV5LabelGroups""}, {""position"": ""final_price"", ""title"": ""Rp85.000"", ""type"": """", ""url"": """", ""styles"": [{""key"": ""text-color"", ""value"": ""#080808"", ""__typename"": ""SearchProductV5LabelGroupsStyle""}], ""__typename"": ""SearchProductV5LabelGroups""}]",63,18
100195020602,Kemeja flanel lengan panjang pria wanita oversize jumbo M-L-XL-XXL-XXXL-XXXXL Atasan Motif Unisex Kotak,https://www.tokopedia.com/haura-outfit-style/kemeja-flanel-lengan-panjang-pria-wanita-oversize-jumbo-m-l-xl-xxl-xxxl-xxxxl-atasan-motif-unisex-kotak-1730737145229771945?extParam=ivf%3Dfalse%26keyword%3Dkemejapria%26search_id%3D20251227171509CD00692C3BFE59066S8L%26src%3Dsearch,fashion-pria/atasan-pria/kemeja-pria,51300,https://p16-images-sign-sg.tokopedia-static.net/tos-alisg-i-aphluv4xwc-sg/f5fb51d8b6b94d54b9be157f2405b4d4~tplv-aphluv4xwc-white-pad-v1:200:200.jpeg?lk3s=97278606&x-expires=1766859310&x-signature=4m0YdnYb5z6qupdcgUjLSY7RXAQ%3D&x-signature-webp=4oaeAKnbGwTbUqQvGJkpT5vzqEY%3D,4.3,0,7496042732984764585,haura outfit style,Kab. Pemalang,1,2000.0,False,"[{""position"": ""ri_product_credibility"", ""title"": ""2rb+ terjual"", ""type"": """", ""url"": """", ""styles"": [], ""__typename"": ""SearchProductV5LabelGroups""}, {""position"": ""overlay_1"", ""title"": ""Campaign"", ""type"": """", ""url"": ""https://p16-uploadpedia-sg.tokopedia.net/tos-alisg-i-zxty12jeln-sg/123.png~tplv-zxty12jeln-image.image"", ""styles"": [], ""__typename"": ""SearchProductV5LabelGroups""}, {""position"": ""final_price"", ""title"": ""Rp51.300"", ""type"": """", ""url"": """", ""styles"": [{""key"": ""text-color"", ""value"": ""#080808"", ""__typename"": ""SearchProductV5LabelGroupsStyle""}], ""__typename"": ""SearchProductV5LabelGroups""}]",296,162
100373052376,Kemeja Polos Pria Dewasa Kemeja Panjang Cowok Kemeja Polos Pria Lengan Panjang Slim Fit Kemeja Pria Jumbo SIZE M L XL XXL XXXL Katun Terbaru,https://www.tokopedia.com/fasyacollection21/kemeja-polos-pria-dewasa-kemeja-panjang-cowok-kemeja-polos-pria-lengan-panjang-slim-fit-kemeja-pria-jumbo-size-m-l-xl-xxl-xxxl-katun-terbaru-1731391787100636346?extParam=ivf%3Dfalse%26keyword%3Dkemejapria%26search_id%3D20251227171509CD00692C3BFE59066S8L%26src%3Dsearch,fashion-pria/atasan-pria/kemeja-pria,27890,https://p16-images-sign-sg.tokopedia-static.net/tos-alisg-i-aphluv4xwc-sg/d7402cbb93d14727a196111ad0322873~tplv-aphluv4xwc-white-pad-v1:200:200.jpeg?lk3s=97278606&x-expires=1766859310&x-signature=P567ZNJ%2Bsc6%2FrrLuwyXEzEgfUdI%3D&x-signature-webp=szt1UdjS0xouNknrhMTme1JRUe0%3D,4.8,0,7496156608807012538,FasyaCollection21,Kab. Pekalongan,1,1000.0,False,"[{""position"": ""ri_product_credibility"", ""title"": ""1rb+ terjual"", ""type"": """", ""url"": """", ""styles"": [], ""__typename"": ""SearchProductV5LabelGroups""}, {""position"": ""overlay_1"", ""title"": ""Campaign"", ""type"": """", ""url"": ""https://p16-uploadpedia-sg.tokopedia.net/tos-alisg-i-zxty12jeln-sg/123.png~tplv-zxty12jeln-image.image"", ""styles"": [], ""__typename"": ""SearchProductV5LabelGroups""}, {""position"": ""final_price"", ""title"": ""Rp27.890"", ""type"": """", ""url"": """", ""styles"": [{""key"": ""text-color"", ""value"": ""#080808"", ""__typename"": ""SearchProductV5LabelGroupsStyle""}], ""__typename"": ""SearchProductV5LabelGroups""}]",196,123
100721168297,"promo kemeja polos lengan pendek Biru muda F.p.e.r.r.y/kemeja polos lengan pendek casual, formal, model slim fit Pria",https://www.tokopedia.com/preddperryoficial/promo-kemeja-polos-lengan-pendek-biru-muda-f-p-e-r-r-y-kemeja-polos-lengan-pendek-casual-formal-model-slim-fit-pria-1731392812767872640?extParam=ivf%3Dfalse%26keyword%3Dkemejapria%26search_id%3D20251227171509CD00692C3BFE59066S8L%26src%3Dsearch,fashion-pria/atasan-pria/kemeja-pria,181909,https://p16-images-sign-sg.tokopedia-static.net/tos-alisg-i-aphluv4xwc-sg/51b91066bcd5426cbabd5e823929e788~tplv-aphluv4xwc-white-pad-v1:200:200.jpeg?lk3s=97278606&x-expires=1766859310&x-signature=N4ihaZFN%2F%2BS%2FbZ0apn3FE0fsOVk%3D&x-signature-webp=yyARjOmE48SpjOB%2FruRpNAGr2P4%3D,4.6,0,7495989264148105856,preddperryoficial,Tangerang,1,250.0,False,"[{""position"": ""ri_product_credibility"", ""title"": ""250+ terjual"", ""type"": """", ""url"": """", ""styles"": [], ""__typename"": ""SearchProductV5LabelGroups""}, {""position"": ""overlay_1"", ""title"": ""Campaign"", ""type"": """", ""url"": ""https://p16-uploadpedia-sg.tokopedia.net/tos-alisg-i-zxty12jeln-sg/123.png~tplv-zxty12jeln-image.image"", ""styles"": [], ""__typename"": ""SearchProductV5LabelGroups""}, {""position"": ""final_price"", ""title"": ""Rp181.909"", ""type"": """", ""url"": """", ""styles"": [{""key"": ""text-color"", ""value"": ""#080808"", ""__typename"": ""SearchProductV5LabelGroupsStyle""}], ""__typename"": ""SearchProductV5LabelGroups""}]",49,46
102725552916,"MEN'S ESSENTIAL STRIPPED SHIRT | Kemeja Katun Salur Basic Pria Musim Panas | Simple, Classy, Elegant, Clean Look With Old Money Vibes | Clean Outfit Casual Style",https://www.tokopedia.com/mens-essentials-club/men-s-essential-stripped-shirt-kemeja-katun-salur-basic-pria-musim-panas-simple-classy-elegant-clean-look-with-old-money-vibes-clean-outfit-casual-style-1733694971661943998?extParam=ivf%3Dfalse%26keyword%3Dkemejapria%26search_id%3D20251227171509CD00692C3BFE59066S8L%26src%3Dsearch,fashion-pria/atasan-pria/kemeja-pria,149999,https://p16-images-sign-sg.tokopedia-static.net/tos-alisg-i-aphluv4xwc-sg/1b1128782c07438bacbf5a129a446516~tplv-aphluv4xwc-white-pad-v1:200:200.jpeg?lk3s=97278606&x-expires=1766859310&x-signature=OD1hu1MCaas2LVQBXidmAkHsvwg%3D&x-signature-webp=W847qG0cbHahdXh4LmgBc5GjTDM%3D,4.7,0,7494975446265792702,MENS ESSENTIALS CLUB,Kab. Magelang,3,250.0,False,"[{""position"": ""ri_product_credibility"", ""title"": ""250+ terjual"", ""type"": """", ""url"": """", ""styles"": [], ""__typename"": ""SearchProductV5LabelGroups""}, {""position"": ""overlay_1"", ""title"": ""Campaign"", ""type"": """", ""url"": ""https://p16-uploadpedia-sg.tokopedia.net/tos-alisg-i-zxty12jeln-sg/123.png~tplv-zxty12jeln-image.image"", ""styles"": [], ""__typename"": ""SearchProductV5LabelGroups""}, {""position"": ""final_price"", ""title"": ""Rp149.999"", ""type"": """", ""url"": """", ""styles"": [{""key"": ""text-color"", ""value"": ""#080808"", ""__typename"": ""SearchProductV5LabelGroupsStyle""}], ""__typename"": ""SearchProductV5LabelGroups""}]",51,47
