active_product_card,anchor_product_id,anchor_product_id_str,applink,atc_button_cta,badges,card_type,count_review,count_sold,department_id,department_id_str,discount_image_url,discounted_price,gold_merchant,gtm_item_name,hasAddToCartButton,image_url_desktop,image_url_mobile,is_official,is_topads,labels,min_order,name,parent_id,parent_id_str,preorder,price,product_id,product_id_str,rating,rating_average,recommendation_type,shop_applink,shop_id,shop_id_str,shop_location,shop_logo,shop_reputation,shop_url_desktop,shop_url_mobile,show_vbs,source_module,status,stock,title,topads_click_url,topads_creative_id,topads_log_extra,topads_view_url,url_desktop,url_mobile,warehouse_id,warehouse_id_str,dynamicTracker.general.tts_product_id,dynamicTracker.general.tts_seller_id,dynamicTracker.general.tts_sku_id,free_ongkir.is_active,price_trend.background_color,price_trend.icon_url,price_trend.stroke_color,price_trend.text_color,price_trend.wording
True,0,,tokopedia://product/15014038813,,"[{""image_url"": ""https://p16-images-comn-sg.tokopedia-static.net/tos-alisg-i-zr7vqa5nfb-sg/img/goldmerchant/pm_activation/badge/Power%20Merchant%20Pro.png~tplv-zr7vqa5nfb-image.image"", ""title"": ""Kota Administrasi Jakarta Pusat""}]",product,134,485,1808,1808,,Rp70.000,True,/discovery/clp_fashion pria_1759 - category_intermediary - #POSITION - nonlogin - product_card_revamp - - non topads - loungewear -  - #MEGA_TAB_VALUE,False,https://p16-images-sign-sg.tokopedia-static.net/tos-alisg-i-aphluv4xwc-sg/img/VqbcmM/2024/9/5/bfcad40c-572d-4452-95c6-97336c9ef91a.png~tplv-aphluv4xwc-white-pad-v1:200:200.jpeg?lk3s=67a35ccb&x-expires=1765980158&x-signature=zbb8gMjinLRwHapSQykvr0EEWkU%3D&x-signature-webp=qLYXNvS7qEXb9ETGm%2B6rtJYZJMM%3D,https://p16-images-sign-sg.tokopedia-static.net/tos-alisg-i-aphluv4xwc-sg/img/VqbcmM/2024/9/5/bfcad40c-572d-4452-95c6-97336c9ef91a.png~tplv-aphluv4xwc-white-pad-v1:200:200.jpeg?lk3s=67a35ccb&x-expires=1765980158&x-signature=zbb8gMjinLRwHapSQykvr0EEWkU%3D&x-signature-webp=qLYXNvS7qEXb9ETGm%2B6rtJYZJMM%3D,False,False,"[{""position"": ""ri_product_credibility"", ""title"": ""250+ terjual"", ""type"": """", ""url"": """"}, {""position"": ""overlay_1"", ""title"": ""Campaign"", ""type"": """", ""url"": ""https://p16-uploadpedia-sg.tokopedia-static.net/tos-alisg-i-zxty12jeln-sg/1a1a9cd24c9b5caae634820d21c316fd.png~tplv-zxty12jeln-image.image""}, {""position"": ""ri_ribbon"", ""title"": ""5%"", ""type"": ""red"", ""url"": """"}]",1,Kaos Livin by Mandiri new logo baru Kaos Livin new Official premium qu,2191247027,2191247027,False,Rp66.500,15014038813,15014038813,5,4.9,injection,tokopedia://shop/7601381,7601381,7601381,Kota Administrasi Jakarta Pusat,,https://inbox.tokopedia.com/reputation/v1/badge/shop/7601381,https://www.tokopedia.com/k39,https://www.tokopedia.com/k39,False,ops_discovery_clp_fashion_pria_1759_outer_flow,0,100,,,,,https://p16-images-sign-sg.tokopedia-static.net/tos-alisg-i-aphluv4xwc-sg/img/VqbcmM/2024/9/5/bfcad40c-572d-4452-95c6-97336c9ef91a.png~tplv-aphluv4xwc-white-pad-v1:200:200.jpeg?lk3s=67a35ccb&x-expires=1765980158&x-signature=zbb8gMjinLRwHapSQykvr0EEWkU%3D&x-signature-webp=qLYXNvS7qEXb9ETGm%2B6rtJYZJMM%3D,https://www.tokopedia.com/k39/kaos-livin-by-mandiri-new-logo-baru-kaos-livin-new-official-premium-qu-kuning-kunyit-m-2552e,https://www.tokopedia.com/k39/kaos-livin-by-mandiri-new-logo-baru-kaos-livin-new-official-premium-qu-kuning-kunyit-m-2552e,7808866,7808866,1731474966480914107,7496136434651138747,1731474997137344187,True,,,,,
True,0,,tokopedia://product/100271747880,,"[{""image_url"": ""https://p16-images-comn-sg.tokopedia-static.net/tos-alisg-i-zr7vqa5nfb-sg/img/goldmerchant/pm_activation/badge/Power%20Merchant%20Pro.png~tplv-zr7vqa5nfb-image.image"", ""title"": ""Kota Administrasi Jakarta Pusat""}]",product,219,706,1841,1841,,,True,/discovery/clp_fashion pria_1759 - category_intermediary - #POSITION - nonlogin - product_card_revamp - - non topads - loungewear -  - #MEGA_TAB_VALUE,False,https://p16-images-common-sign-sg.tokopedia-static.net/tos-maliva-i-o3syd03w52-us/fd81b913bfa14893a49f64361a83832f~tplv-o3syd03w52-resize-jpeg:200:200.jpeg?lk3s=67a35ccb&x-expires=1765980158&x-signature=20XX4%2FMzfjnhppeuAFIJB4mpuyw%3D&x-signature-webp=QRHTUO9fTDiqK0HkrmaKTAyxHz4%3D,https://p16-images-common-sign-sg.tokopedia-static.net/tos-maliva-i-o3syd03w52-us/fd81b913bfa14893a49f64361a83832f~tplv-o3syd03w52-resize-jpeg:200:200.jpeg?lk3s=67a35ccb&x-expires=1765980158&x-signature=20XX4%2FMzfjnhppeuAFIJB4mpuyw%3D&x-signature-webp=QRHTUO9fTDiqK0HkrmaKTAyxHz4%3D,False,False,"[{""position"": ""ri_product_credibility"", ""title"": ""500+ terjual"", ""type"": """", ""url"": """"}, {""position"": ""overlay_1"", ""title"": ""Campaign"", ""type"": """", ""url"": ""https://p16-uploadpedia-sg.tokopedia-static.net/tos-alisg-i-zxty12jeln-sg/1a1a9cd24c9b5caae634820d21c316fd.png~tplv-zxty12jeln-image.image""}]",1,Celana Dalam Crocodile 262 isi 2,212269925,212269925,False,Rp67.900,100271747880,100271747880,5,4.9,injection,tokopedia://shop/389456,389456,389456,Kota Administrasi Jakarta Pusat,,https://inbox.tokopedia.com/reputation/v1/badge/shop/389456,https://www.tokopedia.com/stefieshop,https://www.tokopedia.com/stefieshop,False,ops_discovery_clp_fashion_pria_1759_outer_flow,0,46,,,,,https://p16-images-common-sign-sg.tokopedia-static.net/tos-maliva-i-o3syd03w52-us/fd81b913bfa14893a49f64361a83832f~tplv-o3syd03w52-resize-jpeg:200:200.jpeg?lk3s=67a35ccb&x-expires=1765980158&x-signature=20XX4%2FMzfjnhppeuAFIJB4mpuyw%3D&x-signature-webp=QRHTUO9fTDiqK0HkrmaKTAyxHz4%3D,https://www.tokopedia.com/stefieshop/celana-dalam-crocodile-262-isi-2-1729589478609947001,https://www.tokopedia.com/stefieshop/celana-dalam-crocodile-262-isi-2-1729589478609947001,331109,331109,1729589478609881465,7494814669618186617,1729589478609947001,True,,,,,
True,0,,tokopedia://product/810451120,,"[{""image_url"": ""https://p16-images-comn-sg.tokopedia-static.net/tos-alisg-i-zr7vqa5nfb-sg/img/goldmerchant/pm_activation/badge/Power%20Merchant%20Pro.png~tplv-zr7vqa5nfb-image.image"", ""title"": ""Kota Administrasi Jakarta Pusat""}]",product,132,697,1840,1840,,,True,/discovery/clp_fashion pria_1759 - category_intermediary - #POSITION - nonlogin - product_card_revamp - - non topads - loungewear -  - #MEGA_TAB_VALUE,False,https://p16-images-sign-sg.tokopedia-static.net/tos-alisg-i-aphluv4xwc-sg/img/product-1/2020/7/31/116862/116862_3bcfd90f-21c1-4f0a-a53f-d1c2784cf18f_2048_2048~tplv-aphluv4xwc-white-pad-v1:200:200.jpeg?lk3s=67a35ccb&x-expires=1765980158&x-signature=6i4hTMhPUh2Ug5U2w%2FnMKwUs%2FMs%3D&x-signature-webp=wuhj5sPEZKOJmVq11uF1zjm8E4I%3D,https://p16-images-sign-sg.tokopedia-static.net/tos-alisg-i-aphluv4xwc-sg/img/product-1/2020/7/31/116862/116862_3bcfd90f-21c1-4f0a-a53f-d1c2784cf18f_2048_2048~tplv-aphluv4xwc-white-pad-v1:200:200.jpeg?lk3s=67a35ccb&x-expires=1765980158&x-signature=6i4hTMhPUh2Ug5U2w%2FnMKwUs%2FMs%3D&x-signature-webp=wuhj5sPEZKOJmVq11uF1zjm8E4I%3D,False,False,"[{""position"": ""ri_product_credibility"", ""title"": ""500+ terjual"", ""type"": """", ""url"": """"}, {""position"": ""overlay_1"", ""title"": ""Campaign"", ""type"": """", ""url"": ""https://p16-uploadpedia-sg.tokopedia-static.net/tos-alisg-i-zxty12jeln-sg/1a1a9cd24c9b5caae634820d21c316fd.png~tplv-zxty12jeln-image.image""}]",1,Singlet Crocodile 808 Putih,178977400,178977400,False,Rp46.900,810451120,810451120,5,4.9,injection,tokopedia://shop/389456,389456,389456,Kota Administrasi Jakarta Pusat,,https://inbox.tokopedia.com/reputation/v1/badge/shop/389456,https://www.tokopedia.com/stefieshop,https://www.tokopedia.com/stefieshop,False,ops_discovery_clp_fashion_pria_1759_outer_flow,0,6,,,,,https://p16-images-sign-sg.tokopedia-static.net/tos-alisg-i-aphluv4xwc-sg/img/product-1/2020/7/31/116862/116862_3bcfd90f-21c1-4f0a-a53f-d1c2784cf18f_2048_2048~tplv-aphluv4xwc-white-pad-v1:200:200.jpeg?lk3s=67a35ccb&x-expires=1765980158&x-signature=6i4hTMhPUh2Ug5U2w%2FnMKwUs%2FMs%3D&x-signature-webp=wuhj5sPEZKOJmVq11uF1zjm8E4I%3D,https://www.tokopedia.com/stefieshop/singlet-crocodile-808-putih-s,https://www.tokopedia.com/stefieshop/singlet-crocodile-808-putih-s,331109,331109,1731115229098837369,7494814669618186617,1731115229098902905,True,,,,,
True,0,,tokopedia://product/11724407967,,"[{""image_url"": ""https://p16-images-comn-sg.tokopedia-static.net/tos-alisg-i-zr7vqa5nfb-sg/img/goldmerchant/pm_activation/badge/Power%20Merchant%20Pro.png~tplv-zr7vqa5nfb-image.image"", ""title"": ""Kota Administrasi Jakarta Pusat""}]",product,69,254,1841,1841,,,True,/discovery/clp_fashion pria_1759 - category_intermediary - #POSITION - nonlogin - product_card_revamp - - non topads - loungewear -  - #MEGA_TAB_VALUE,False,https://p16-images-sign-sg.tokopedia-static.net/tos-alisg-i-aphluv4xwc-sg/img/VqbcmM/2021/10/5/2ed6e178-03e3-42e0-a53a-f3c7484e5b71.jpg~tplv-aphluv4xwc-white-pad-v1:200:200.jpeg?lk3s=67a35ccb&x-expires=1765980158&x-signature=%2Bim2rIhUkRucr0wBR3z2bjjA3T8%3D&x-signature-webp=P%2FHc8%2BPIe25XPV7uo6TA%2FRCZWZI%3D,https://p16-images-sign-sg.tokopedia-static.net/tos-alisg-i-aphluv4xwc-sg/img/VqbcmM/2021/10/5/2ed6e178-03e3-42e0-a53a-f3c7484e5b71.jpg~tplv-aphluv4xwc-white-pad-v1:200:200.jpeg?lk3s=67a35ccb&x-expires=1765980158&x-signature=%2Bim2rIhUkRucr0wBR3z2bjjA3T8%3D&x-signature-webp=P%2FHc8%2BPIe25XPV7uo6TA%2FRCZWZI%3D,False,False,"[{""position"": ""ri_product_credibility"", ""title"": ""250+ terjual"", ""type"": """", ""url"": """"}, {""position"": ""overlay_1"", ""title"": ""Campaign"", ""type"": """", ""url"": ""https://p16-uploadpedia-sg.tokopedia-static.net/tos-alisg-i-zxty12jeln-sg/1a1a9cd24c9b5caae634820d21c316fd.png~tplv-zxty12jeln-image.image""}]",1,celana dalem hernia/celana dalem olahraga/celana dalem turun bero,2024829149,2024829149,False,Rp37.500,11724407967,11724407967,5,4.9,injection,tokopedia://shop/3939209,3939209,3939209,Kota Administrasi Jakarta Pusat,,https://inbox.tokopedia.com/reputation/v1/badge/shop/3939209,https://www.tokopedia.com/kismii,https://www.tokopedia.com/kismii,False,ops_discovery_clp_fashion_pria_1759_outer_flow,0,500,,,,,https://p16-images-sign-sg.tokopedia-static.net/tos-alisg-i-aphluv4xwc-sg/img/VqbcmM/2021/10/5/2ed6e178-03e3-42e0-a53a-f3c7484e5b71.jpg~tplv-aphluv4xwc-white-pad-v1:200:200.jpeg?lk3s=67a35ccb&x-expires=1765980158&x-signature=%2Bim2rIhUkRucr0wBR3z2bjjA3T8%3D&x-signature-webp=P%2FHc8%2BPIe25XPV7uo6TA%2FRCZWZI%3D,https://www.tokopedia.com/kismii/celana-dalem-hernia-celana-dalem-olahraga-celana-dalem-turun-bero-atletic-navy-xxxl-d4d14,https://www.tokopedia.com/kismii/celana-dalem-hernia-celana-dalem-olahraga-celana-dalem-turun-bero-atletic-navy-xxxl-d4d14,11146,11146,1732184058927220631,7494772055656991639,1732184058928072599,True,,,,,
True,0,,tokopedia://product/100271747257,,"[{""image_url"": ""https://p16-images-comn-sg.tokopedia-static.net/tos-alisg-i-zr7vqa5nfb-sg/img/goldmerchant/pm_activation/badge/Power%20Merchant%20Pro.png~tplv-zr7vqa5nfb-image.image"", ""title"": ""Kota Administrasi Jakarta Pusat""}]",product,2982,9021,1841,1841,,,True,/discovery/clp_fashion pria_1759 - category_intermediary - #POSITION - nonlogin - product_card_revamp - - non topads - loungewear -  - #MEGA_TAB_VALUE,False,https://p16-images-common-sign-sg.tokopedia-static.net/tos-maliva-i-o3syd03w52-us/03db8d789c2741adbcfbfeab48a6e7f7~tplv-o3syd03w52-resize-jpeg:200:200.jpeg?lk3s=67a35ccb&x-expires=1765980158&x-signature=C53kAwEAyxQ5A73UhwlSbcFiHZU%3D&x-signature-webp=g77%2BPVahHILJb5AZsPpc0wnTyTk%3D,https://p16-images-common-sign-sg.tokopedia-static.net/tos-maliva-i-o3syd03w52-us/03db8d789c2741adbcfbfeab48a6e7f7~tplv-o3syd03w52-resize-jpeg:200:200.jpeg?lk3s=67a35ccb&x-expires=1765980158&x-signature=C53kAwEAyxQ5A73UhwlSbcFiHZU%3D&x-signature-webp=g77%2BPVahHILJb5AZsPpc0wnTyTk%3D,False,False,"[{""position"": ""ri_product_credibility"", ""title"": ""9rb+ terjual"", ""type"": """", ""url"": """"}, {""position"": ""overlay_1"", ""title"": ""Campaign"", ""type"": """", ""url"": ""https://p16-uploadpedia-sg.tokopedia-static.net/tos-alisg-i-zxty12jeln-sg/1a1a9cd24c9b5caae634820d21c316fd.png~tplv-zxty12jeln-image.image""}]",1,Celana Dalam Crocodile 240 isi 3,194486749,194486749,False,Rp72.900,100271747257,100271747257,5,4.9,injection,tokopedia://shop/389456,389456,389456,Kota Administrasi Jakarta Pusat,,https://inbox.tokopedia.com/reputation/v1/badge/shop/389456,https://www.tokopedia.com/stefieshop,https://www.tokopedia.com/stefieshop,False,ops_discovery_clp_fashion_pria_1759_outer_flow,0,77797,,,,,https://p16-images-common-sign-sg.tokopedia-static.net/tos-maliva-i-o3syd03w52-us/03db8d789c2741adbcfbfeab48a6e7f7~tplv-o3syd03w52-resize-jpeg:200:200.jpeg?lk3s=67a35ccb&x-expires=1765980158&x-signature=C53kAwEAyxQ5A73UhwlSbcFiHZU%3D&x-signature-webp=g77%2BPVahHILJb5AZsPpc0wnTyTk%3D,https://www.tokopedia.com/stefieshop/celana-dalam-crocodile-240-isi-3-1729589474464270713,https://www.tokopedia.com/stefieshop/celana-dalam-crocodile-240-isi-3-1729589474464270713,331109,331109,1729589474464205177,7494814669618186617,1729589474464270713,True,,,,,
True,0,,tokopedia://product/100271748069,,"[{""image_url"": ""https://p16-images-comn-sg.tokopedia-static.net/tos-alisg-i-zr7vqa5nfb-sg/img/goldmerchant/pm_activation/badge/Power%20Merchant%20Pro.png~tplv-zr7vqa5nfb-image.image"", ""title"": ""Kota Administrasi Jakarta Pusat""}]",product,71,282,1841,1841,,,True,/discovery/clp_fashion pria_1759 - category_intermediary - #POSITION - nonlogin - product_card_revamp - - non topads - loungewear -  - #MEGA_TAB_VALUE,False,https://p16-images-common-sign-sg.tokopedia-static.net/tos-maliva-i-o3syd03w52-us/cb93b364dbcd459797f83cd7c15387c7~tplv-o3syd03w52-resize-jpeg:200:200.jpeg?lk3s=67a35ccb&x-expires=1765980158&x-signature=tRfc7eb7%2FlqrKtlXzasb5JHS9BA%3D&x-signature-webp=1wJBQ7MBvhq8x4tZMy%2BdDKmpetg%3D,https://p16-images-common-sign-sg.tokopedia-static.net/tos-maliva-i-o3syd03w52-us/cb93b364dbcd459797f83cd7c15387c7~tplv-o3syd03w52-resize-jpeg:200:200.jpeg?lk3s=67a35ccb&x-expires=1765980158&x-signature=tRfc7eb7%2FlqrKtlXzasb5JHS9BA%3D&x-signature-webp=1wJBQ7MBvhq8x4tZMy%2BdDKmpetg%3D,False,False,"[{""position"": ""ri_product_credibility"", ""title"": ""250+ terjual"", ""type"": """", ""url"": """"}, {""position"": ""overlay_1"", ""title"": ""Campaign"", ""type"": """", ""url"": ""https://p16-uploadpedia-sg.tokopedia-static.net/tos-alisg-i-zxty12jeln-sg/1a1a9cd24c9b5caae634820d21c316fd.png~tplv-zxty12jeln-image.image""}]",1,Celana Dalam Pria Merk Drakaar,556927624,556927624,False,Rp31.900,100271748069,100271748069,5,5.0,injection,tokopedia://shop/389456,389456,389456,Kota Administrasi Jakarta Pusat,,https://inbox.tokopedia.com/reputation/v1/badge/shop/389456,https://www.tokopedia.com/stefieshop,https://www.tokopedia.com/stefieshop,False,ops_discovery_clp_fashion_pria_1759_outer_flow,0,57,,,,,https://p16-images-common-sign-sg.tokopedia-static.net/tos-maliva-i-o3syd03w52-us/cb93b364dbcd459797f83cd7c15387c7~tplv-o3syd03w52-resize-jpeg:200:200.jpeg?lk3s=67a35ccb&x-expires=1765980158&x-signature=tRfc7eb7%2FlqrKtlXzasb5JHS9BA%3D&x-signature-webp=1wJBQ7MBvhq8x4tZMy%2BdDKmpetg%3D,https://www.tokopedia.com/stefieshop/celana-dalam-pria-merk-drakaar-1729589495278569849,https://www.tokopedia.com/stefieshop/celana-dalam-pria-merk-drakaar-1729589495278569849,331109,331109,1729589495278504313,7494814669618186617,1729589495278569849,True,,,,,
True,0,,tokopedia://product/1249614680,,"[{""image_url"": ""https://p16-images-comn-sg.tokopedia-static.net/tos-alisg-i-zr7vqa5nfb-sg/img/goldmerchant/pm_activation/badge/Power%20Merchant%20Pro.png~tplv-zr7vqa5nfb-image.image"", ""title"": ""Kab. Demak""}]",product,244,618,1827,1827,,,True,/discovery/clp_fashion pria_1759 - category_intermediary - #POSITION - nonlogin - product_card_revamp - - non topads - loungewear -  - #MEGA_TAB_VALUE,False,https://p16-images-sign-sg.tokopedia-static.net/tos-alisg-i-aphluv4xwc-sg/img/VqbcmM/2020/9/4/6dca8cbd-fda6-4db0-98c1-7cdcdaba1e0f.jpg~tplv-aphluv4xwc-white-pad-v1:200:200.jpeg?lk3s=67a35ccb&x-expires=1765980158&x-signature=YzuWU%2BnqKN2jC%2FQ9sD8RQU1zMUo%3D&x-signature-webp=Jby29GwB4yOSD%2FjdLDUUzt1kosE%3D,https://p16-images-sign-sg.tokopedia-static.net/tos-alisg-i-aphluv4xwc-sg/img/VqbcmM/2020/9/4/6dca8cbd-fda6-4db0-98c1-7cdcdaba1e0f.jpg~tplv-aphluv4xwc-white-pad-v1:200:200.jpeg?lk3s=67a35ccb&x-expires=1765980158&x-signature=YzuWU%2BnqKN2jC%2FQ9sD8RQU1zMUo%3D&x-signature-webp=Jby29GwB4yOSD%2FjdLDUUzt1kosE%3D,False,False,"[{""position"": ""ri_product_credibility"", ""title"": ""500+ terjual"", ""type"": """", ""url"": """"}, {""position"": ""overlay_1"", ""title"": ""Campaign"", ""type"": """", ""url"": ""https://p16-uploadpedia-sg.tokopedia-static.net/tos-alisg-i-zxty12jeln-sg/1a1a9cd24c9b5caae634820d21c316fd.png~tplv-zxty12jeln-image.image""}]",1,Celana Chino Chinos Pendek,103711884,103711884,False,Rp75.000,1249614680,1249614680,5,4.7,injection,tokopedia://shop/1663739,1663739,1663739,Kab. Demak,,https://inbox.tokopedia.com/reputation/v1/badge/shop/1663739,https://www.tokopedia.com/azamgrosirshop,https://www.tokopedia.com/azamgrosirshop,False,ops_discovery_clp_fashion_pria_1759_outer_flow,0,80,,,,,https://p16-images-sign-sg.tokopedia-static.net/tos-alisg-i-aphluv4xwc-sg/img/VqbcmM/2020/9/4/6dca8cbd-fda6-4db0-98c1-7cdcdaba1e0f.jpg~tplv-aphluv4xwc-white-pad-v1:200:200.jpeg?lk3s=67a35ccb&x-expires=1765980158&x-signature=YzuWU%2BnqKN2jC%2FQ9sD8RQU1zMUo%3D&x-signature-webp=Jby29GwB4yOSD%2FjdLDUUzt1kosE%3D,https://www.tokopedia.com/azamgrosirshop/celana-chino-chinos-pendek-hitam-27,https://www.tokopedia.com/azamgrosirshop/celana-chino-chinos-pendek-hitam-27,1312960,1312960,1729798719925355568,7495813251520563248,1729798719926666288,True,,,,,
True,0,,tokopedia://product/12787578434,,"[{""image_url"": ""https://p16-images-comn-sg.tokopedia-static.net/tos-alisg-i-zr7vqa5nfb-sg/img/goldmerchant/pm_activation/badge/Power%20Merchant%20Pro.png~tplv-zr7vqa5nfb-image.image"", ""title"": ""Kota Administrasi Jakarta Pusat""}]",product,319,1335,1841,1841,,,True,/discovery/clp_fashion pria_1759 - category_intermediary - #POSITION - nonlogin - product_card_revamp - - non topads - loungewear -  - #MEGA_TAB_VALUE,False,https://p16-images-sign-sg.tokopedia-static.net/tos-alisg-i-aphluv4xwc-sg/img/VqbcmM/2022/2/9/7226519b-d94b-44bd-94b8-8a97219658f4.jpg~tplv-aphluv4xwc-white-pad-v1:200:200.jpeg?lk3s=67a35ccb&x-expires=1765980158&x-signature=on7H29T%2FFt27auTs7qOJfCPkMZU%3D&x-signature-webp=OY9U%2F7Vsv81fws7%2B%2FCHxuFMxEK4%3D,https://p16-images-sign-sg.tokopedia-static.net/tos-alisg-i-aphluv4xwc-sg/img/VqbcmM/2022/2/9/7226519b-d94b-44bd-94b8-8a97219658f4.jpg~tplv-aphluv4xwc-white-pad-v1:200:200.jpeg?lk3s=67a35ccb&x-expires=1765980158&x-signature=on7H29T%2FFt27auTs7qOJfCPkMZU%3D&x-signature-webp=OY9U%2F7Vsv81fws7%2B%2FCHxuFMxEK4%3D,False,False,"[{""position"": ""ri_product_credibility"", ""title"": ""1rb+ terjual"", ""type"": """", ""url"": """"}, {""position"": ""overlay_1"", ""title"": ""Campaign"", ""type"": """", ""url"": ""https://p16-uploadpedia-sg.tokopedia-static.net/tos-alisg-i-zxty12jeln-sg/1a1a9cd24c9b5caae634820d21c316fd.png~tplv-zxty12jeln-image.image""}]",1,CELANA HERNIA DEWASA/CELANA TURUN BERO/CELANA DALEM PRIA,2044645923,2044645923,False,Rp40.000,12787578434,12787578434,5,4.9,injection,tokopedia://shop/3939209,3939209,3939209,Kota Administrasi Jakarta Pusat,,https://inbox.tokopedia.com/reputation/v1/badge/shop/3939209,https://www.tokopedia.com/kismii,https://www.tokopedia.com/kismii,False,ops_discovery_clp_fashion_pria_1759_outer_flow,0,152,,,,,https://p16-images-sign-sg.tokopedia-static.net/tos-alisg-i-aphluv4xwc-sg/img/VqbcmM/2022/2/9/7226519b-d94b-44bd-94b8-8a97219658f4.jpg~tplv-aphluv4xwc-white-pad-v1:200:200.jpeg?lk3s=67a35ccb&x-expires=1765980158&x-signature=on7H29T%2FFt27auTs7qOJfCPkMZU%3D&x-signature-webp=OY9U%2F7Vsv81fws7%2B%2FCHxuFMxEK4%3D,https://www.tokopedia.com/kismii/celana-hernia-dewasa-celana-turun-bero-celana-dalem-pria-atletic-navy-4-l-jumbo-00cbf,https://www.tokopedia.com/kismii/celana-hernia-dewasa-celana-turun-bero-celana-dalem-pria-atletic-navy-4-l-jumbo-00cbf,11146,11146,1732184045147293591,7494772055656991639,1732184050664834967,True,,,,,
True,0,,tokopedia://product/299461758,,"[{""image_url"": ""https://p16-images-comn-sg.tokopedia-static.net/tos-alisg-i-zr7vqa5nfb-sg/img/goldmerchant/pm_activation/badge/Power%20Merchant%20Pro.png~tplv-zr7vqa5nfb-image.image"", ""title"": ""Kota Administrasi Jakarta Pusat""}]",product,7,24,1808,1808,,,True,/discovery/clp_fashion pria_1759 - category_intermediary - #POSITION - nonlogin - product_card_revamp - - non topads - loungewear -  - #MEGA_TAB_VALUE,False,https://p16-images-sign-sg.tokopedia-static.net/tos-alisg-i-aphluv4xwc-sg/img/product-1/2018/6/24/3443194/3443194_e19196fd-c75f-4061-9501-90e312e96461_780_1040.jpg~tplv-aphluv4xwc-white-pad-v1:200:200.jpeg?lk3s=67a35ccb&x-expires=1765980158&x-signature=nLnjGbHKqTxKm7cnvy1XAG%2BHXAQ%3D&x-signature-webp=gs0%2BQcWCFkbnsMNfJXOmaMWes8U%3D,https://p16-images-sign-sg.tokopedia-static.net/tos-alisg-i-aphluv4xwc-sg/img/product-1/2018/6/24/3443194/3443194_e19196fd-c75f-4061-9501-90e312e96461_780_1040.jpg~tplv-aphluv4xwc-white-pad-v1:200:200.jpeg?lk3s=67a35ccb&x-expires=1765980158&x-signature=nLnjGbHKqTxKm7cnvy1XAG%2BHXAQ%3D&x-signature-webp=gs0%2BQcWCFkbnsMNfJXOmaMWes8U%3D,False,False,"[{""position"": ""ri_product_credibility"", ""title"": ""24 terjual"", ""type"": """", ""url"": """"}, {""position"": ""overlay_1"", ""title"": ""Campaign"", ""type"": """", ""url"": ""https://p16-uploadpedia-sg.tokopedia-static.net/tos-alisg-i-zxty12jeln-sg/1a1a9cd24c9b5caae634820d21c316fd.png~tplv-zxty12jeln-image.image""}]",1,Kaos polisi hitam coklat,0,,False,Rp55.000,299461758,299461758,5,4.7,injection,tokopedia://shop/3443194,3443194,3443194,Kota Administrasi Jakarta Pusat,,https://inbox.tokopedia.com/reputation/v1/badge/shop/3443194,https://www.tokopedia.com/wijayasakti,https://www.tokopedia.com/wijayasakti,False,ops_discovery_clp_fashion_pria_1759_outer_flow,0,100,,,,,https://p16-images-sign-sg.tokopedia-static.net/tos-alisg-i-aphluv4xwc-sg/img/product-1/2018/6/24/3443194/3443194_e19196fd-c75f-4061-9501-90e312e96461_780_1040.jpg~tplv-aphluv4xwc-white-pad-v1:200:200.jpeg?lk3s=67a35ccb&x-expires=1765980158&x-signature=nLnjGbHKqTxKm7cnvy1XAG%2BHXAQ%3D&x-signature-webp=gs0%2BQcWCFkbnsMNfJXOmaMWes8U%3D,https://www.tokopedia.com/wijayasakti/kaos-polisi-hitam-coklat,https://www.tokopedia.com/wijayasakti/kaos-polisi-hitam-coklat,38377,38377,1731593105914430609,7494879282547689617,1731593105914496145,True,,,,,
True,0,,tokopedia://product/2717527570,,"[{""image_url"": ""https://p16-images-comn-sg.tokopedia-static.net/tos-alisg-i-zr7vqa5nfb-sg/img/goldmerchant/pm_activation/badge/Power%20Merchant%20Pro.png~tplv-zr7vqa5nfb-image.image"", ""title"": ""Kota Administrasi Jakarta Pusat""}]",product,10,22,1808,1808,,,True,/discovery/clp_fashion pria_1759 - category_intermediary - #POSITION - nonlogin - product_card_revamp - - non topads - loungewear -  - #MEGA_TAB_VALUE,False,https://p16-images-sign-sg.tokopedia-static.net/tos-alisg-i-aphluv4xwc-sg/img/VqbcmM/2022/1/12/f85c3b69-33a3-42d3-ba4a-3e1b9f95845b.jpg~tplv-aphluv4xwc-white-pad-v1:200:200.jpeg?lk3s=67a35ccb&x-expires=1765980158&x-signature=oIfOuyQF6rO126UGxh4Jq%2BLBdJs%3D&x-signature-webp=zEe7zXlhGwkvYlk4csEPh3wE3no%3D,https://p16-images-sign-sg.tokopedia-static.net/tos-alisg-i-aphluv4xwc-sg/img/VqbcmM/2022/1/12/f85c3b69-33a3-42d3-ba4a-3e1b9f95845b.jpg~tplv-aphluv4xwc-white-pad-v1:200:200.jpeg?lk3s=67a35ccb&x-expires=1765980158&x-signature=oIfOuyQF6rO126UGxh4Jq%2BLBdJs%3D&x-signature-webp=zEe7zXlhGwkvYlk4csEPh3wE3no%3D,False,False,"[{""position"": ""ri_product_credibility"", ""title"": ""22 terjual"", ""type"": """", ""url"": """"}, {""position"": ""overlay_1"", ""title"": ""Campaign"", ""type"": """", ""url"": ""https://p16-uploadpedia-sg.tokopedia-static.net/tos-alisg-i-zxty12jeln-sg/1a1a9cd24c9b5caae634820d21c316fd.png~tplv-zxty12jeln-image.image""}]",1,kaos baju distro lengan penek coton combed 30s premium BIG SIZE JUMBO,2717527567,2717527567,False,Rp68.900,2717527570,2717527570,5,5.0,injection,tokopedia://shop/12510899,12510899,12510899,Kota Administrasi Jakarta Pusat,,https://inbox.tokopedia.com/reputation/v1/badge/shop/12510899,https://www.tokopedia.com/fitrenapparel-,https://www.tokopedia.com/fitrenapparel-,False,ops_discovery_clp_fashion_pria_1759_outer_flow,0,987,,,,,https://p16-images-sign-sg.tokopedia-static.net/tos-alisg-i-aphluv4xwc-sg/img/VqbcmM/2022/1/12/f85c3b69-33a3-42d3-ba4a-3e1b9f95845b.jpg~tplv-aphluv4xwc-white-pad-v1:200:200.jpeg?lk3s=67a35ccb&x-expires=1765980158&x-signature=oIfOuyQF6rO126UGxh4Jq%2BLBdJs%3D&x-signature-webp=zEe7zXlhGwkvYlk4csEPh3wE3no%3D,https://www.tokopedia.com/fitrenapparel-/kaos-baju-distro-lengan-penek-coton-combed-30s-premium-big-size-jumbo-maroon-m,https://www.tokopedia.com/fitrenapparel-/kaos-baju-distro-lengan-penek-coton-combed-30s-premium-big-size-jumbo-maroon-m,12442055,12442055,1729905455156463283,7495818122893363891,1729905455158298291,True,,,,,
True,0,,tokopedia://product/100354399221,,"[{""image_url"": ""https://p16-images-comn-sg.tokopedia-static.net/tos-alisg-i-zr7vqa5nfb-sg/img/goldmerchant/pm_activation/badge/Power%20Merchant%20Pro.png~tplv-zr7vqa5nfb-image.image"", ""title"": ""Kota Administrasi Jakarta Pusat""}]",product,55,84,3582,3582,,,True,/discovery/clp_fashion pria_1759 - category_intermediary - #POSITION - nonlogin - product_card_revamp - - non topads - loungewear -  - #MEGA_TAB_VALUE,False,https://p16-images-common-sign-sg.tokopedia-static.net/tos-maliva-i-o3syd03w52-us/51e3716adf2143b7a43a759ad0b49213~tplv-o3syd03w52-resize-jpeg:250:250.jpeg?lk3s=67a35ccb&x-expires=1765980162&x-signature=VuywNbpKYsql4d6vjJDHg%2BmC7ok%3D&x-signature-webp=iF4tlDuuKfwJAuB0pmJNWV6nEEA%3D,https://p16-images-common-sign-sg.tokopedia-static.net/tos-maliva-i-o3syd03w52-us/51e3716adf2143b7a43a759ad0b49213~tplv-o3syd03w52-resize-jpeg:250:250.jpeg?lk3s=67a35ccb&x-expires=1765980162&x-signature=VuywNbpKYsql4d6vjJDHg%2BmC7ok%3D&x-signature-webp=iF4tlDuuKfwJAuB0pmJNWV6nEEA%3D,False,False,"[{""position"": ""ri_product_credibility"", ""title"": ""80+ terjual"", ""type"": """", ""url"": """"}, {""position"": ""overlay_1"", ""title"": ""Campaign"", ""type"": """", ""url"": ""https://p16-uploadpedia-sg.tokopedia-static.net/tos-alisg-i-zxty12jeln-sg/1a1a9cd24c9b5caae634820d21c316fd.png~tplv-zxty12jeln-image.image""}]",1,Celana Recooper Celana Pendek Jeans Pria Celana Jumbo BigSize 40 - 46 Garment Denim celanajeans,604294094,604294094,False,Rp125.000,100354399221,100354399221,5,4.9,injection,tokopedia://shop/1419915,1419915,1419915,Kota Administrasi Jakarta Pusat,,https://inbox.tokopedia.com/reputation/v1/badge/shop/1419915,https://www.tokopedia.com/dhieonline,https://www.tokopedia.com/dhieonline,False,ops_discovery_clp_fashion_pria_1759_outer_flow,0,498,,,,,https://p16-images-common-sign-sg.tokopedia-static.net/tos-maliva-i-o3syd03w52-us/51e3716adf2143b7a43a759ad0b49213~tplv-o3syd03w52-resize-jpeg:250:250.jpeg?lk3s=67a35ccb&x-expires=1765980162&x-signature=VuywNbpKYsql4d6vjJDHg%2BmC7ok%3D&x-signature-webp=iF4tlDuuKfwJAuB0pmJNWV6nEEA%3D,https://www.tokopedia.com/dhieonline/celana-recooper-celana-pendek-jeans-pria-celana-jumbo-bigsize-40-46-garment-denim-celanajeans-1729437961207449734,https://www.tokopedia.com/dhieonline/celana-recooper-celana-pendek-jeans-pria-celana-jumbo-bigsize-40-46-garment-denim-celanajeans-1729437961207449734,694960,694960,1729437961207384198,7494678488208148614,1729437961207449734,True,,,,,
True,0,,tokopedia://product/15013956640,,"[{""image_url"": ""https://p16-images-comn-sg.tokopedia-static.net/tos-alisg-i-zr7vqa5nfb-sg/img/goldmerchant/pm_activation/badge/Power%20Merchant%20Pro.png~tplv-zr7vqa5nfb-image.image"", ""title"": ""Kota Administrasi Jakarta Pusat""}]",product,238,938,1808,1808,,Rp65.000,True,/discovery/clp_fashion pria_1759 - category_intermediary - #POSITION - nonlogin - product_card_revamp - - non topads - loungewear -  - #MEGA_TAB_VALUE,False,https://p16-images-sign-sg.tokopedia-static.net/tos-alisg-i-aphluv4xwc-sg/img/VqbcmM/2024/9/5/d0e40ddb-629f-461d-b9f9-72ebf0923134.jpg~tplv-aphluv4xwc-white-pad-v1:250:250.jpeg?lk3s=67a35ccb&x-expires=1765980162&x-signature=aB7adW03lst6Av7uXMpzINYXsC0%3D&x-signature-webp=VXQRJtqGNp%2BcsKqleoN%2FJ6jJH6s%3D,https://p16-images-sign-sg.tokopedia-static.net/tos-alisg-i-aphluv4xwc-sg/img/VqbcmM/2024/9/5/d0e40ddb-629f-461d-b9f9-72ebf0923134.jpg~tplv-aphluv4xwc-white-pad-v1:250:250.jpeg?lk3s=67a35ccb&x-expires=1765980162&x-signature=aB7adW03lst6Av7uXMpzINYXsC0%3D&x-signature-webp=VXQRJtqGNp%2BcsKqleoN%2FJ6jJH6s%3D,False,False,"[{""position"": ""ri_product_credibility"", ""title"": ""750+ terjual"", ""type"": """", ""url"": """"}, {""position"": ""overlay_1"", ""title"": ""Campaign"", ""type"": """", ""url"": ""https://p16-uploadpedia-sg.tokopedia-static.net/tos-alisg-i-zxty12jeln-sg/1a1a9cd24c9b5caae634820d21c316fd.png~tplv-zxty12jeln-image.image""}, {""position"": ""ri_ribbon"", ""title"": ""5%"", ""type"": ""red"", ""url"": """"}]",1,Kaos Livin by Mandiri Kaos Livin Official premium quality,2077419636,2077419636,False,Rp61.750,15013956640,15013956640,5,4.9,injection,tokopedia://shop/7601381,7601381,7601381,Kota Administrasi Jakarta Pusat,,https://inbox.tokopedia.com/reputation/v1/badge/shop/7601381,https://www.tokopedia.com/k39,https://www.tokopedia.com/k39,False,ops_discovery_clp_fashion_pria_1759_outer_flow,0,98,,,,,https://p16-images-sign-sg.tokopedia-static.net/tos-alisg-i-aphluv4xwc-sg/img/VqbcmM/2024/9/5/d0e40ddb-629f-461d-b9f9-72ebf0923134.jpg~tplv-aphluv4xwc-white-pad-v1:250:250.jpeg?lk3s=67a35ccb&x-expires=1765980162&x-signature=aB7adW03lst6Av7uXMpzINYXsC0%3D&x-signature-webp=VXQRJtqGNp%2BcsKqleoN%2FJ6jJH6s%3D,https://www.tokopedia.com/k39/kaos-livin-by-mandiri-kaos-livin-official-premium-quality-kuning-kunyit-m-19ebe,https://www.tokopedia.com/k39/kaos-livin-by-mandiri-kaos-livin-official-premium-quality-kuning-kunyit-m-19ebe,7808866,7808866,1731474938138232507,7496136434651138747,1731474938138691259,True,,,,,
True,0,,tokopedia://product/1071097451,,"[{""image_url"": ""https://p16-images-comn-sg.tokopedia-static.net/tos-alisg-i-zr7vqa5nfb-sg/img/goldmerchant/pm_activation/badge/Power%20Merchant%20Pro.png~tplv-zr7vqa5nfb-image.image"", ""title"": ""Kota Administrasi Jakarta Pusat""}]",product,83,517,1841,1841,,,True,/discovery/clp_fashion pria_1759 - category_intermediary - #POSITION - nonlogin - product_card_revamp - - non topads - loungewear -  - #MEGA_TAB_VALUE,False,https://p16-images-common-sign-sg.tokopedia-static.net/tos-maliva-i-o3syd03w52-us/c412be02342c4d60ade395be90656dc2~tplv-o3syd03w52-resize-jpeg:250:250.jpeg?lk3s=67a35ccb&x-expires=1765980162&x-signature=6bWVeqhN%2BwZSP7Kc81LjlnVDx00%3D&x-signature-webp=nqbdzV%2BtrE7mrOiDMRMMSMelhac%3D,https://p16-images-common-sign-sg.tokopedia-static.net/tos-maliva-i-o3syd03w52-us/c412be02342c4d60ade395be90656dc2~tplv-o3syd03w52-resize-jpeg:250:250.jpeg?lk3s=67a35ccb&x-expires=1765980162&x-signature=6bWVeqhN%2BwZSP7Kc81LjlnVDx00%3D&x-signature-webp=nqbdzV%2BtrE7mrOiDMRMMSMelhac%3D,False,False,"[{""position"": ""ri_product_credibility"", ""title"": ""500+ terjual"", ""type"": """", ""url"": """"}, {""position"": ""overlay_1"", ""title"": ""Campaign"", ""type"": """", ""url"": ""https://p16-uploadpedia-sg.tokopedia-static.net/tos-alisg-i-zxty12jeln-sg/1a1a9cd24c9b5caae634820d21c316fd.png~tplv-zxty12jeln-image.image""}]",1,Celana Dalam Pria Merk Hing's hings,1071097381,1071097381,False,Rp36.900,1071097451,1071097451,5,5.0,injection,tokopedia://shop/389456,389456,389456,Kota Administrasi Jakarta Pusat,,https://inbox.tokopedia.com/reputation/v1/badge/shop/389456,https://www.tokopedia.com/stefieshop,https://www.tokopedia.com/stefieshop,False,ops_discovery_clp_fashion_pria_1759_outer_flow,0,54,,,,,https://p16-images-common-sign-sg.tokopedia-static.net/tos-maliva-i-o3syd03w52-us/c412be02342c4d60ade395be90656dc2~tplv-o3syd03w52-resize-jpeg:250:250.jpeg?lk3s=67a35ccb&x-expires=1765980162&x-signature=6bWVeqhN%2BwZSP7Kc81LjlnVDx00%3D&x-signature-webp=nqbdzV%2BtrE7mrOiDMRMMSMelhac%3D,https://www.tokopedia.com/stefieshop/celana-dalam-pria-merk-hing-s-hings-1729589488240658809,https://www.tokopedia.com/stefieshop/celana-dalam-pria-merk-hing-s-hings-1729589488240658809,331109,331109,1729589488240593273,7494814669618186617,1729589488240658809,True,,,,,
True,0,,tokopedia://product/100354406296,,"[{""image_url"": ""https://p16-images-comn-sg.tokopedia-static.net/tos-alisg-i-zr7vqa5nfb-sg/img/goldmerchant/pm_activation/badge/Power%20Merchant%20Pro.png~tplv-zr7vqa5nfb-image.image"", ""title"": ""Kota Administrasi Jakarta Pusat""}]",product,28,42,3582,3582,,,True,/discovery/clp_fashion pria_1759 - category_intermediary - #POSITION - nonlogin - product_card_revamp - - non topads - loungewear -  - #MEGA_TAB_VALUE,False,https://p16-images-common-sign-sg.tokopedia-static.net/tos-maliva-i-o3syd03w52-us/377329615a4a4f4788b549b24c64a0f8~tplv-o3syd03w52-resize-jpeg:250:250.jpeg?lk3s=67a35ccb&x-expires=1765980162&x-signature=9L77B7IdigehTTrFt%2FsCilAroyk%3D&x-signature-webp=P%2Fv7may5tXdlMawyBC3t2uEFoGU%3D,https://p16-images-common-sign-sg.tokopedia-static.net/tos-maliva-i-o3syd03w52-us/377329615a4a4f4788b549b24c64a0f8~tplv-o3syd03w52-resize-jpeg:250:250.jpeg?lk3s=67a35ccb&x-expires=1765980162&x-signature=9L77B7IdigehTTrFt%2FsCilAroyk%3D&x-signature-webp=P%2Fv7may5tXdlMawyBC3t2uEFoGU%3D,False,False,"[{""position"": ""ri_product_credibility"", ""title"": ""40+ terjual"", ""type"": """", ""url"": """"}, {""position"": ""overlay_1"", ""title"": ""Campaign"", ""type"": """", ""url"": ""https://p16-uploadpedia-sg.tokopedia-static.net/tos-alisg-i-zxty12jeln-sg/1a1a9cd24c9b5caae634820d21c316fd.png~tplv-zxty12jeln-image.image""}]",1,Celana Pendek Recooper Celana Pendek Jeans 28 - 38 Hitam Standar Pria sobekpria denim pelajar,2001785025,2001785025,False,Rp94.500,100354406296,100354406296,5,4.8,injection,tokopedia://shop/1419915,1419915,1419915,Kota Administrasi Jakarta Pusat,,https://inbox.tokopedia.com/reputation/v1/badge/shop/1419915,https://www.tokopedia.com/dhieonline,https://www.tokopedia.com/dhieonline,False,ops_discovery_clp_fashion_pria_1759_outer_flow,0,499,,,,,https://p16-images-common-sign-sg.tokopedia-static.net/tos-maliva-i-o3syd03w52-us/377329615a4a4f4788b549b24c64a0f8~tplv-o3syd03w52-resize-jpeg:250:250.jpeg?lk3s=67a35ccb&x-expires=1765980162&x-signature=9L77B7IdigehTTrFt%2FsCilAroyk%3D&x-signature-webp=P%2Fv7may5tXdlMawyBC3t2uEFoGU%3D,https://www.tokopedia.com/dhieonline/celana-pendek-recooper-celana-pendek-jeans-28-38-hitam-standar-pria-sobekpria-denim-pelajar-1729587616317999238,https://www.tokopedia.com/dhieonline/celana-pendek-recooper-celana-pendek-jeans-28-38-hitam-standar-pria-sobekpria-denim-pelajar-1729587616317999238,694960,694960,1729587616317933702,7494678488208148614,1729587616317999238,True,,,,,
True,0,,tokopedia://product/2343817165,,"[{""image_url"": ""https://p16-images-comn-sg.tokopedia-static.net/tos-alisg-i-zr7vqa5nfb-sg/img/goldmerchant/pm_activation/badge/Power%20Merchant%20Pro.png~tplv-zr7vqa5nfb-image.image"", ""title"": ""Kota Administrasi Jakarta Pusat""}]",product,16,30,1808,1808,,,True,/discovery/clp_fashion pria_1759 - category_intermediary - #POSITION - nonlogin - product_card_revamp - - non topads - loungewear -  - #MEGA_TAB_VALUE,False,https://p16-images-sign-sg.tokopedia-static.net/tos-alisg-i-aphluv4xwc-sg/img/VqbcmM/2021/10/28/754462f5-5ed6-4525-a369-b542bda7bcfc.jpg~tplv-aphluv4xwc-white-pad-v1:250:250.jpeg?lk3s=67a35ccb&x-expires=1765980162&x-signature=jz6sd9uAyQaZSd1fE3%2FEPWVlxak%3D&x-signature-webp=wy89AiNaCHmGTh3rD5oQr%2B5J2mI%3D,https://p16-images-sign-sg.tokopedia-static.net/tos-alisg-i-aphluv4xwc-sg/img/VqbcmM/2021/10/28/754462f5-5ed6-4525-a369-b542bda7bcfc.jpg~tplv-aphluv4xwc-white-pad-v1:250:250.jpeg?lk3s=67a35ccb&x-expires=1765980162&x-signature=jz6sd9uAyQaZSd1fE3%2FEPWVlxak%3D&x-signature-webp=wy89AiNaCHmGTh3rD5oQr%2B5J2mI%3D,False,False,"[{""position"": ""ri_product_credibility"", ""title"": ""30+ terjual"", ""type"": """", ""url"": """"}, {""position"": ""overlay_1"", ""title"": ""Campaign"", ""type"": """", ""url"": ""https://p16-uploadpedia-sg.tokopedia-static.net/tos-alisg-i-zxty12jeln-sg/1a1a9cd24c9b5caae634820d21c316fd.png~tplv-zxty12jeln-image.image""}]",1,Baju Kaos Pria Jumbo Big Size 2XL 3XL 4XL 5XL 6XL 7XL cotton combed 30,2343817148,2343817148,False,Rp68.500,2343817165,2343817165,5,4.9,injection,tokopedia://shop/12510899,12510899,12510899,Kota Administrasi Jakarta Pusat,,https://inbox.tokopedia.com/reputation/v1/badge/shop/12510899,https://www.tokopedia.com/fitrenapparel-,https://www.tokopedia.com/fitrenapparel-,False,ops_discovery_clp_fashion_pria_1759_outer_flow,0,987,,,,,https://p16-images-sign-sg.tokopedia-static.net/tos-alisg-i-aphluv4xwc-sg/img/VqbcmM/2021/10/28/754462f5-5ed6-4525-a369-b542bda7bcfc.jpg~tplv-aphluv4xwc-white-pad-v1:250:250.jpeg?lk3s=67a35ccb&x-expires=1765980162&x-signature=jz6sd9uAyQaZSd1fE3%2FEPWVlxak%3D&x-signature-webp=wy89AiNaCHmGTh3rD5oQr%2B5J2mI%3D,https://www.tokopedia.com/fitrenapparel-/baju-kaos-pria-jumbo-big-size-2xl-3xl-4xl-5xl-6xl-7xl-cotton-combed-30-maroon-m,https://www.tokopedia.com/fitrenapparel-/baju-kaos-pria-jumbo-big-size-2xl-3xl-4xl-5xl-6xl-7xl-cotton-combed-30-maroon-m,12442055,12442055,1729848411558479539,7495818122893363891,1729848411561232051,True,,,,,
True,0,,tokopedia://product/100271747988,,"[{""image_url"": ""https://p16-images-comn-sg.tokopedia-static.net/tos-alisg-i-zr7vqa5nfb-sg/img/goldmerchant/pm_activation/badge/Power%20Merchant%20Pro.png~tplv-zr7vqa5nfb-image.image"", ""title"": ""Kota Administrasi Jakarta Pusat""}]",product,160,488,1841,1841,,,True,/discovery/clp_fashion pria_1759 - category_intermediary - #POSITION - nonlogin - product_card_revamp - - non topads - loungewear -  - #MEGA_TAB_VALUE,False,https://p16-images-common-sign-sg.tokopedia-static.net/tos-maliva-i-o3syd03w52-us/bd499dd4e5bc4df2ae807d04a74364ae~tplv-o3syd03w52-resize-jpeg:250:250.jpeg?lk3s=67a35ccb&x-expires=1765980162&x-signature=ZnxktCFGKm5E%2BgslzPUFWYuYwnU%3D&x-signature-webp=cZThUnIDTHs11gmUkznm3vSvIgI%3D,https://p16-images-common-sign-sg.tokopedia-static.net/tos-maliva-i-o3syd03w52-us/bd499dd4e5bc4df2ae807d04a74364ae~tplv-o3syd03w52-resize-jpeg:250:250.jpeg?lk3s=67a35ccb&x-expires=1765980162&x-signature=ZnxktCFGKm5E%2BgslzPUFWYuYwnU%3D&x-signature-webp=cZThUnIDTHs11gmUkznm3vSvIgI%3D,False,False,"[{""position"": ""ri_product_credibility"", ""title"": ""250+ terjual"", ""type"": """", ""url"": """"}, {""position"": ""overlay_1"", ""title"": ""Campaign"", ""type"": """", ""url"": ""https://p16-uploadpedia-sg.tokopedia-static.net/tos-alisg-i-zxty12jeln-sg/1a1a9cd24c9b5caae634820d21c316fd.png~tplv-zxty12jeln-image.image""}]",1,Celana Dalam Crocodile 263 isi 2,50290697,50290697,False,Rp66.900,100271747988,100271747988,5,4.9,injection,tokopedia://shop/389456,389456,389456,Kota Administrasi Jakarta Pusat,,https://inbox.tokopedia.com/reputation/v1/badge/shop/389456,https://www.tokopedia.com/stefieshop,https://www.tokopedia.com/stefieshop,False,ops_discovery_clp_fashion_pria_1759_outer_flow,0,48,,,,,https://p16-images-common-sign-sg.tokopedia-static.net/tos-maliva-i-o3syd03w52-us/bd499dd4e5bc4df2ae807d04a74364ae~tplv-o3syd03w52-resize-jpeg:250:250.jpeg?lk3s=67a35ccb&x-expires=1765980162&x-signature=ZnxktCFGKm5E%2BgslzPUFWYuYwnU%3D&x-signature-webp=cZThUnIDTHs11gmUkznm3vSvIgI%3D,https://www.tokopedia.com/stefieshop/celana-dalam-crocodile-263-isi-2-1729589479004211577,https://www.tokopedia.com/stefieshop/celana-dalam-crocodile-263-isi-2-1729589479004211577,331109,331109,1729589479004146041,7494814669618186617,1729589479004211577,True,,,,,
True,0,,tokopedia://product/13351865105,,"[{""image_url"": ""https://p16-images-comn-sg.tokopedia-static.net/tos-alisg-i-zr7vqa5nfb-sg/img/goldmerchant/pm_activation/badge/Power%20Merchant%20Pro.png~tplv-zr7vqa5nfb-image.image"", ""title"": ""Kota Administrasi Jakarta Pusat""}]",product,31,215,1808,1808,,Rp65.000,True,/discovery/clp_fashion pria_1759 - category_intermediary - #POSITION - nonlogin - product_card_revamp - - non topads - loungewear -  - #MEGA_TAB_VALUE,False,https://p16-images-sign-sg.tokopedia-static.net/tos-alisg-i-aphluv4xwc-sg/img/VqbcmM/2024/5/12/e8477d73-cb01-4b5a-b8ea-538e44291b9c.jpg~tplv-aphluv4xwc-white-pad-v1:250:250.jpeg?lk3s=67a35ccb&x-expires=1765980162&x-signature=SrO1a0YsS5C3jL7Bh%2BjQC1dhF40%3D&x-signature-webp=OKzaLXFeTDuQdPtGSiR3Ix%2Fq4K0%3D,https://p16-images-sign-sg.tokopedia-static.net/tos-alisg-i-aphluv4xwc-sg/img/VqbcmM/2024/5/12/e8477d73-cb01-4b5a-b8ea-538e44291b9c.jpg~tplv-aphluv4xwc-white-pad-v1:250:250.jpeg?lk3s=67a35ccb&x-expires=1765980162&x-signature=SrO1a0YsS5C3jL7Bh%2BjQC1dhF40%3D&x-signature-webp=OKzaLXFeTDuQdPtGSiR3Ix%2Fq4K0%3D,False,False,"[{""position"": ""ri_product_credibility"", ""title"": ""100+ terjual"", ""type"": """", ""url"": """"}, {""position"": ""overlay_1"", ""title"": ""Campaign"", ""type"": """", ""url"": ""https://p16-uploadpedia-sg.tokopedia-static.net/tos-alisg-i-zxty12jeln-sg/1a1a9cd24c9b5caae634820d21c316fd.png~tplv-zxty12jeln-image.image""}, {""position"": ""ri_ribbon"", ""title"": ""4%"", ""type"": ""red"", ""url"": """"}]",1,Kaos Unik Kaos Distro Pria Pecel Lele Kaos Pecel lele Kaos premium,1955965794,1955965794,False,Rp62.400,13351865105,13351865105,5,4.9,injection,tokopedia://shop/7601381,7601381,7601381,Kota Administrasi Jakarta Pusat,,https://inbox.tokopedia.com/reputation/v1/badge/shop/7601381,https://www.tokopedia.com/k39,https://www.tokopedia.com/k39,False,ops_discovery_clp_fashion_pria_1759_outer_flow,0,96,,,,,https://p16-images-sign-sg.tokopedia-static.net/tos-alisg-i-aphluv4xwc-sg/img/VqbcmM/2024/5/12/e8477d73-cb01-4b5a-b8ea-538e44291b9c.jpg~tplv-aphluv4xwc-white-pad-v1:250:250.jpeg?lk3s=67a35ccb&x-expires=1765980162&x-signature=SrO1a0YsS5C3jL7Bh%2BjQC1dhF40%3D&x-signature-webp=OKzaLXFeTDuQdPtGSiR3Ix%2Fq4K0%3D,https://www.tokopedia.com/k39/kaos-unik-kaos-distro-pria-pecel-lele-kaos-pecel-lele-kaos-premium-putih-m-6e7b4,https://www.tokopedia.com/k39/kaos-unik-kaos-distro-pria-pecel-lele-kaos-pecel-lele-kaos-premium-putih-m-6e7b4,7808866,7808866,1731474966478161595,7496136434651138747,1731474966479144635,True,,,,,
True,0,,tokopedia://product/2031019649,,"[{""image_url"": ""https://p16-images-comn-sg.tokopedia-static.net/tos-alisg-i-zr7vqa5nfb-sg/img/goldmerchant/pm_activation/badge/Power%20Merchant%20Pro.png~tplv-zr7vqa5nfb-image.image"", ""title"": ""Kota Administrasi Jakarta Pusat""}]",product,193,364,3589,3589,,,True,/discovery/clp_fashion pria_1759 - category_intermediary - #POSITION - nonlogin - product_card_revamp - - non topads - loungewear -  - #MEGA_TAB_VALUE,False,https://p16-images-sign-sg.tokopedia-static.net/tos-alisg-i-aphluv4xwc-sg/img/VqbcmM/2022/3/21/863dcb3d-0015-43f1-9263-f4f67f0a5dee.jpg~tplv-aphluv4xwc-white-pad-v1:250:250.jpeg?lk3s=67a35ccb&x-expires=1765980162&x-signature=NSNadoOnViBPDIaX6wz%2B9PXU7do%3D&x-signature-webp=UxxaSCgDEu%2BL7wN%2BIQYvRkYXctk%3D,https://p16-images-sign-sg.tokopedia-static.net/tos-alisg-i-aphluv4xwc-sg/img/VqbcmM/2022/3/21/863dcb3d-0015-43f1-9263-f4f67f0a5dee.jpg~tplv-aphluv4xwc-white-pad-v1:250:250.jpeg?lk3s=67a35ccb&x-expires=1765980162&x-signature=NSNadoOnViBPDIaX6wz%2B9PXU7do%3D&x-signature-webp=UxxaSCgDEu%2BL7wN%2BIQYvRkYXctk%3D,False,False,"[{""position"": ""ri_product_credibility"", ""title"": ""250+ terjual"", ""type"": """", ""url"": """"}, {""position"": ""overlay_1"", ""title"": ""Campaign"", ""type"": """", ""url"": ""https://p16-uploadpedia-sg.tokopedia-static.net/tos-alisg-i-zxty12jeln-sg/1a1a9cd24c9b5caae634820d21c316fd.png~tplv-zxty12jeln-image.image""}]",1,Celana Joger Panjang Jumbo Jogger Panjang Pria Size 38 40 42 44 (2),714286783,714286783,False,Rp170.000,2031019649,2031019649,5,4.9,injection,tokopedia://shop/7834214,7834214,7834214,Kota Administrasi Jakarta Pusat,,https://inbox.tokopedia.com/reputation/v1/badge/shop/7834214,https://www.tokopedia.com/gid-4,https://www.tokopedia.com/gid-4,False,ops_discovery_clp_fashion_pria_1759_outer_flow,0,496,,,,,https://p16-images-sign-sg.tokopedia-static.net/tos-alisg-i-aphluv4xwc-sg/img/VqbcmM/2022/3/21/863dcb3d-0015-43f1-9263-f4f67f0a5dee.jpg~tplv-aphluv4xwc-white-pad-v1:250:250.jpeg?lk3s=67a35ccb&x-expires=1765980162&x-signature=NSNadoOnViBPDIaX6wz%2B9PXU7do%3D&x-signature-webp=UxxaSCgDEu%2BL7wN%2BIQYvRkYXctk%3D,https://www.tokopedia.com/gid-4/celana-joger-panjang-jumbo-jogger-panjang-pria-size-38-40-42-44-2-navy-38,https://www.tokopedia.com/gid-4/celana-joger-panjang-jumbo-jogger-panjang-pria-size-38-40-42-44-2-navy-38,8039500,8039500,1729827512521360879,7495814762479389167,1729827512522671599,,,,,,
True,0,,tokopedia://product/100271747648,,"[{""image_url"": ""https://p16-images-comn-sg.tokopedia-static.net/tos-alisg-i-zr7vqa5nfb-sg/img/goldmerchant/pm_activation/badge/Power%20Merchant%20Pro.png~tplv-zr7vqa5nfb-image.image"", ""title"": ""Kota Administrasi Jakarta Pusat""}]",product,109,713,1840,1840,,,True,/discovery/clp_fashion pria_1759 - category_intermediary - #POSITION - nonlogin - product_card_revamp - - non topads - loungewear -  - #MEGA_TAB_VALUE,False,https://p16-images-common-sign-sg.tokopedia-static.net/tos-maliva-i-o3syd03w52-us/d1977019d78645b8bfb19a73d61034f9~tplv-o3syd03w52-resize-jpeg:250:250.jpeg?lk3s=67a35ccb&x-expires=1765980162&x-signature=ZxHMav5wrwu6pDi6bSJh5aqZA0s%3D&x-signature-webp=V1178T%2FHtpgvGX5oSWdfbTPmx8U%3D,https://p16-images-common-sign-sg.tokopedia-static.net/tos-maliva-i-o3syd03w52-us/d1977019d78645b8bfb19a73d61034f9~tplv-o3syd03w52-resize-jpeg:250:250.jpeg?lk3s=67a35ccb&x-expires=1765980162&x-signature=ZxHMav5wrwu6pDi6bSJh5aqZA0s%3D&x-signature-webp=V1178T%2FHtpgvGX5oSWdfbTPmx8U%3D,False,False,"[{""position"": ""ri_product_credibility"", ""title"": ""500+ terjual"", ""type"": """", ""url"": """"}, {""position"": ""overlay_1"", ""title"": ""Campaign"", ""type"": """", ""url"": ""https://p16-uploadpedia-sg.tokopedia-static.net/tos-alisg-i-zxty12jeln-sg/1a1a9cd24c9b5caae634820d21c316fd.png~tplv-zxty12jeln-image.image""}]",1,Singlet Kaos Dalam Merk Hing's,1071120569,1071120569,False,Rp39.900,100271747648,100271747648,5,5.0,injection,tokopedia://shop/389456,389456,389456,Kota Administrasi Jakarta Pusat,,https://inbox.tokopedia.com/reputation/v1/badge/shop/389456,https://www.tokopedia.com/stefieshop,https://www.tokopedia.com/stefieshop,False,ops_discovery_clp_fashion_pria_1759_outer_flow,0,57,,,,,https://p16-images-common-sign-sg.tokopedia-static.net/tos-maliva-i-o3syd03w52-us/d1977019d78645b8bfb19a73d61034f9~tplv-o3syd03w52-resize-jpeg:250:250.jpeg?lk3s=67a35ccb&x-expires=1765980162&x-signature=ZxHMav5wrwu6pDi6bSJh5aqZA0s%3D&x-signature-webp=V1178T%2FHtpgvGX5oSWdfbTPmx8U%3D,https://www.tokopedia.com/stefieshop/singlet-kaos-dalam-merk-hing-s-1729589491010144633,https://www.tokopedia.com/stefieshop/singlet-kaos-dalam-merk-hing-s-1729589491010144633,331109,331109,1729589491010079097,7494814669618186617,1729589491010144633,True,,,,,
True,0,,tokopedia://product/601159076,,"[{""image_url"": ""https://p16-images-comn-sg.tokopedia-static.net/tos-alisg-i-zr7vqa5nfb-sg/img/goldmerchant/pm_activation/badge/Power%20Merchant%20Pro.png~tplv-zr7vqa5nfb-image.image"", ""title"": ""Kota Administrasi Jakarta Pusat""}]",product,137,264,1826,1826,,Rp310.000,True,/discovery/clp_fashion pria_1759 - category_intermediary - #POSITION - nonlogin - product_card_revamp - - non topads - loungewear -  - #MEGA_TAB_VALUE,False,https://p16-images-sign-sg.tokopedia-static.net/tos-alisg-i-aphluv4xwc-sg/12efd3920aba499582601ae5986797bc~tplv-aphluv4xwc-white-pad-v1:250:250.jpeg?lk3s=67a35ccb&x-expires=1765980162&x-signature=xRUhXrNkjOG40owbtOc3uAAhmvc%3D&x-signature-webp=nQPAy4G4kkWB0NuVpqHDtOP38ic%3D,https://p16-images-sign-sg.tokopedia-static.net/tos-alisg-i-aphluv4xwc-sg/12efd3920aba499582601ae5986797bc~tplv-aphluv4xwc-white-pad-v1:250:250.jpeg?lk3s=67a35ccb&x-expires=1765980162&x-signature=xRUhXrNkjOG40owbtOc3uAAhmvc%3D&x-signature-webp=nQPAy4G4kkWB0NuVpqHDtOP38ic%3D,False,False,"[{""position"": ""ri_product_credibility"", ""title"": ""250+ terjual"", ""type"": """", ""url"": """"}, {""position"": ""overlay_1"", ""title"": ""Campaign"", ""type"": """", ""url"": ""https://p16-uploadpedia-sg.tokopedia-static.net/tos-alisg-i-zxty12jeln-sg/1a1a9cd24c9b5caae634820d21c316fd.png~tplv-zxty12jeln-image.image""}, {""position"": ""ri_ribbon"", ""title"": ""54%"", ""type"": ""red"", ""url"": """"}]",1,"BEST SELLER Celana Panjang Joger Bigsize Cotton Premium size 38 40 42  44,Celana Jalan, Celana Touring, Celana Hiking, Celana Santai, Celana Pris",541345268,541345268,False,Rp142.600,601159076,601159076,5,4.9,injection,tokopedia://shop/481620,481620,481620,Kota Administrasi Jakarta Pusat,,https://inbox.tokopedia.com/reputation/v1/badge/shop/481620,https://www.tokopedia.com/manzone01,https://www.tokopedia.com/manzone01,False,ops_discovery_clp_fashion_pria_1759_outer_flow,0,101,,,,,https://p16-images-sign-sg.tokopedia-static.net/tos-alisg-i-aphluv4xwc-sg/12efd3920aba499582601ae5986797bc~tplv-aphluv4xwc-white-pad-v1:250:250.jpeg?lk3s=67a35ccb&x-expires=1765980162&x-signature=xRUhXrNkjOG40owbtOc3uAAhmvc%3D&x-signature-webp=nQPAy4G4kkWB0NuVpqHDtOP38ic%3D,https://www.tokopedia.com/manzone01/best-seller-celana-panjang-joger-bigsize-cotton-premium-size-38-40-42-44-celana-jalan-celana-touring-celana-hiking-celana-santai-celana-pris-1731615987563923348,https://www.tokopedia.com/manzone01/best-seller-celana-panjang-joger-bigsize-cotton-premium-size-38-40-42-44-celana-jalan-celana-touring-celana-hiking-celana-santai-celana-pris-1731615987563923348,349551,349551,1731615987563726740,7495511959564880788,1731615987563923348,True,,,,,
True,0,,tokopedia://product/1286287221,,"[{""image_url"": ""https://p16-images-comn-sg.tokopedia-static.net/tos-alisg-i-zr7vqa5nfb-sg/img/goldmerchant/pm_activation/badge/Power%20Merchant%20Pro.png~tplv-zr7vqa5nfb-image.image"", ""title"": ""Kota Administrasi Jakarta Pusat""}]",product,12,20,1827,1827,,,True,/discovery/clp_fashion pria_1759 - category_intermediary - #POSITION - nonlogin - product_card_revamp - - non topads - loungewear -  - #MEGA_TAB_VALUE,False,https://p16-images-sign-sg.tokopedia-static.net/tos-alisg-i-aphluv4xwc-sg/b8410ddfa63047fd95deefdf00b4f401~tplv-aphluv4xwc-white-pad-v1:250:250.jpeg?lk3s=67a35ccb&x-expires=1765980164&x-signature=O8pR20k6iwivxaFe835RcoNSlak%3D&x-signature-webp=nEFe3rYk1%2FNsYuyygUPIgvUzqnY%3D,https://p16-images-sign-sg.tokopedia-static.net/tos-alisg-i-aphluv4xwc-sg/b8410ddfa63047fd95deefdf00b4f401~tplv-aphluv4xwc-white-pad-v1:250:250.jpeg?lk3s=67a35ccb&x-expires=1765980164&x-signature=O8pR20k6iwivxaFe835RcoNSlak%3D&x-signature-webp=nEFe3rYk1%2FNsYuyygUPIgvUzqnY%3D,False,False,"[{""position"": ""ri_product_credibility"", ""title"": ""20 terjual"", ""type"": """", ""url"": """"}, {""position"": ""overlay_1"", ""title"": ""Campaign"", ""type"": """", ""url"": ""https://p16-uploadpedia-sg.tokopedia-static.net/tos-alisg-i-zxty12jeln-sg/1a1a9cd24c9b5caae634820d21c316fd.png~tplv-zxty12jeln-image.image""}]",1,RECOOPER Celana Jeans Pendek Pria Standar Hitam - Nyaman & Fashionable - Bahan Berkualitas Cotton Tebal Lembut Tidak Berbulu - Size 28-38,1286287210,1286287210,False,Rp94.500,1286287221,1286287221,5,4.8,injection,tokopedia://shop/1419915,1419915,1419915,Kota Administrasi Jakarta Pusat,,https://inbox.tokopedia.com/reputation/v1/badge/shop/1419915,https://www.tokopedia.com/dhieonline,https://www.tokopedia.com/dhieonline,False,ops_discovery_clp_fashion_pria_1759_outer_flow,0,100,,,,,https://p16-images-sign-sg.tokopedia-static.net/tos-alisg-i-aphluv4xwc-sg/b8410ddfa63047fd95deefdf00b4f401~tplv-aphluv4xwc-white-pad-v1:250:250.jpeg?lk3s=67a35ccb&x-expires=1765980164&x-signature=O8pR20k6iwivxaFe835RcoNSlak%3D&x-signature-webp=nEFe3rYk1%2FNsYuyygUPIgvUzqnY%3D,https://www.tokopedia.com/dhieonline/recooper-celana-jeans-pendek-pria-standar-hitam-nyaman-fashionable-bahan-berkualitas-cotton-tebal-lembut-tidak-berbulu-size-28-38-1731359360424510598,https://www.tokopedia.com/dhieonline/recooper-celana-jeans-pendek-pria-standar-hitam-nyaman-fashionable-bahan-berkualitas-cotton-tebal-lembut-tidak-berbulu-size-28-38-1731359360424510598,694960,694960,1731359360424445062,7494678488208148614,1731359360424510598,True,,,,,
True,0,,tokopedia://product/100354406132,,"[{""image_url"": ""https://p16-images-comn-sg.tokopedia-static.net/tos-alisg-i-zr7vqa5nfb-sg/img/goldmerchant/pm_activation/badge/Power%20Merchant%20Pro.png~tplv-zr7vqa5nfb-image.image"", ""title"": ""Kota Administrasi Jakarta Pusat""}]",product,32,44,1827,1827,,,True,/discovery/clp_fashion pria_1759 - category_intermediary - #POSITION - nonlogin - product_card_revamp - - non topads - loungewear -  - #MEGA_TAB_VALUE,False,https://p16-images-common-sign-sg.tokopedia-static.net/tos-maliva-i-o3syd03w52-us/c79dcc3d274d4bef980f39941aa104e8~tplv-o3syd03w52-resize-jpeg:250:250.jpeg?lk3s=67a35ccb&x-expires=1765980164&x-signature=j6QlbxRihbWv5Xjq7X%2FBtHQO3ys%3D&x-signature-webp=Etygcj%2FcMDRajYkqqwsJITTzjIU%3D,https://p16-images-common-sign-sg.tokopedia-static.net/tos-maliva-i-o3syd03w52-us/c79dcc3d274d4bef980f39941aa104e8~tplv-o3syd03w52-resize-jpeg:250:250.jpeg?lk3s=67a35ccb&x-expires=1765980164&x-signature=j6QlbxRihbWv5Xjq7X%2FBtHQO3ys%3D&x-signature-webp=Etygcj%2FcMDRajYkqqwsJITTzjIU%3D,False,False,"[{""position"": ""ri_product_credibility"", ""title"": ""40+ terjual"", ""type"": """", ""url"": """"}, {""position"": ""overlay_1"", ""title"": ""Campaign"", ""type"": """", ""url"": ""https://p16-uploadpedia-sg.tokopedia-static.net/tos-alisg-i-zxty12jeln-sg/1a1a9cd24c9b5caae634820d21c316fd.png~tplv-zxty12jeln-image.image""}]",1,Celana Recooper Celana Pendek Jeans Pria Celana Jumbo BigSize 40 - 46 Biru Muda Denim celanajeans,604292650,604292650,False,Rp125.000,100354406132,100354406132,5,4.7,injection,tokopedia://shop/1419915,1419915,1419915,Kota Administrasi Jakarta Pusat,,https://inbox.tokopedia.com/reputation/v1/badge/shop/1419915,https://www.tokopedia.com/dhieonline,https://www.tokopedia.com/dhieonline,False,ops_discovery_clp_fashion_pria_1759_outer_flow,0,500,,,,,https://p16-images-common-sign-sg.tokopedia-static.net/tos-maliva-i-o3syd03w52-us/c79dcc3d274d4bef980f39941aa104e8~tplv-o3syd03w52-resize-jpeg:250:250.jpeg?lk3s=67a35ccb&x-expires=1765980164&x-signature=j6QlbxRihbWv5Xjq7X%2FBtHQO3ys%3D&x-signature-webp=Etygcj%2FcMDRajYkqqwsJITTzjIU%3D,https://www.tokopedia.com/dhieonline/celana-recooper-celana-pendek-jeans-pria-celana-jumbo-bigsize-40-46-biru-muda-denim-celanajeans-1729437961265842310,https://www.tokopedia.com/dhieonline/celana-recooper-celana-pendek-jeans-pria-celana-jumbo-bigsize-40-46-biru-muda-denim-celanajeans-1729437961265842310,694960,694960,1729437961265776774,7494678488208148614,1729437961265842310,True,,,,,
True,0,,tokopedia://product/102346999249,,"[{""image_url"": ""https://p16-images-comn-sg.tokopedia-static.net/tos-alisg-i-zr7vqa5nfb-sg/img/goldmerchant/pm_activation/badge/Power%20Merchant%20Pro.png~tplv-zr7vqa5nfb-image.image"", ""title"": ""Kota Administrasi Jakarta Pusat""}]",product,15,63,1808,1808,,,True,/discovery/clp_fashion pria_1759 - category_intermediary - #POSITION - nonlogin - product_card_revamp - - non topads - loungewear -  - #MEGA_TAB_VALUE,False,https://p16-images-common-sign-sg.tokopedia-static.net/tos-maliva-i-o3syd03w52-us/0dbe20a487c8471483b2d7a82385ff6d~tplv-o3syd03w52-resize-jpeg:250:250.jpeg?lk3s=67a35ccb&x-expires=1765980164&x-signature=SpqzMmwRMiAmJ4BXdbRnR%2BRdy0Y%3D&x-signature-webp=RbrrbLwCs2EVCYtc7s9in25RTbQ%3D,https://p16-images-common-sign-sg.tokopedia-static.net/tos-maliva-i-o3syd03w52-us/0dbe20a487c8471483b2d7a82385ff6d~tplv-o3syd03w52-resize-jpeg:250:250.jpeg?lk3s=67a35ccb&x-expires=1765980164&x-signature=SpqzMmwRMiAmJ4BXdbRnR%2BRdy0Y%3D&x-signature-webp=RbrrbLwCs2EVCYtc7s9in25RTbQ%3D,False,False,"[{""position"": ""ri_product_credibility"", ""title"": ""60+ terjual"", ""type"": """", ""url"": """"}, {""position"": ""overlay_1"", ""title"": ""Campaign"", ""type"": """", ""url"": ""https://p16-uploadpedia-sg.tokopedia-static.net/tos-alisg-i-zxty12jeln-sg/1a1a9cd24c9b5caae634820d21c316fd.png~tplv-zxty12jeln-image.image""}]",1,kaos oblong pria kaos dalam pria kaos dalam katun,419807839,419807839,False,Rp22.500,102346999249,102346999249,5,4.9,injection,tokopedia://shop/3939209,3939209,3939209,Kota Administrasi Jakarta Pusat,,https://inbox.tokopedia.com/reputation/v1/badge/shop/3939209,https://www.tokopedia.com/kismii,https://www.tokopedia.com/kismii,False,ops_discovery_clp_fashion_pria_1759_outer_flow,0,10,,,,,https://p16-images-common-sign-sg.tokopedia-static.net/tos-maliva-i-o3syd03w52-us/0dbe20a487c8471483b2d7a82385ff6d~tplv-o3syd03w52-resize-jpeg:250:250.jpeg?lk3s=67a35ccb&x-expires=1765980164&x-signature=SpqzMmwRMiAmJ4BXdbRnR%2BRdy0Y%3D&x-signature-webp=RbrrbLwCs2EVCYtc7s9in25RTbQ%3D,https://www.tokopedia.com/kismii/kaos-oblong-pria-kaos-dalam-pria-kaos-dalam-katun-1729667950199540631,https://www.tokopedia.com/kismii/kaos-oblong-pria-kaos-dalam-pria-kaos-dalam-katun-1729667950199540631,11146,11146,1729593908236028823,7494772055656991639,1729667950199540631,True,,,,,
True,0,,tokopedia://product/1671370658,,"[{""image_url"": ""https://p16-images-comn-sg.tokopedia-static.net/tos-alisg-i-zr7vqa5nfb-sg/img/goldmerchant/pm_activation/badge/Power%20Merchant%20Pro.png~tplv-zr7vqa5nfb-image.image"", ""title"": ""Kota Administrasi Jakarta Pusat""}]",product,9,45,3615,3615,,,True,/discovery/clp_fashion pria_1759 - category_intermediary - #POSITION - nonlogin - product_card_revamp - - non topads - loungewear -  - #MEGA_TAB_VALUE,False,https://p16-images-sign-sg.tokopedia-static.net/tos-alisg-i-aphluv4xwc-sg/img/VqbcmM/2021/3/14/f69c3ec8-29cf-4778-a729-8349c7c9fb1c.jpg~tplv-aphluv4xwc-white-pad-v1:250:250.jpeg?lk3s=67a35ccb&x-expires=1765980164&x-signature=bwsKnXBiNB3hDZTZAw5yLz0DFU8%3D&x-signature-webp=SIIYzTfZfYewt2nXGZgnxvxV5XY%3D,https://p16-images-sign-sg.tokopedia-static.net/tos-alisg-i-aphluv4xwc-sg/img/VqbcmM/2021/3/14/f69c3ec8-29cf-4778-a729-8349c7c9fb1c.jpg~tplv-aphluv4xwc-white-pad-v1:250:250.jpeg?lk3s=67a35ccb&x-expires=1765980164&x-signature=bwsKnXBiNB3hDZTZAw5yLz0DFU8%3D&x-signature-webp=SIIYzTfZfYewt2nXGZgnxvxV5XY%3D,False,False,"[{""position"": ""ri_product_credibility"", ""title"": ""40+ terjual"", ""type"": """", ""url"": """"}, {""position"": ""overlay_1"", ""title"": ""Campaign"", ""type"": """", ""url"": ""https://p16-uploadpedia-sg.tokopedia-static.net/tos-alisg-i-zxty12jeln-sg/1a1a9cd24c9b5caae634820d21c316fd.png~tplv-zxty12jeln-image.image""}]",1,kaos kaki Pdl jatah polri,0,,False,Rp20.000,1671370658,1671370658,5,5.0,injection,tokopedia://shop/6554811,6554811,6554811,Kota Administrasi Jakarta Pusat,,https://inbox.tokopedia.com/reputation/v1/badge/shop/6554811,https://www.tokopedia.com/pmlg,https://www.tokopedia.com/pmlg,False,ops_discovery_clp_fashion_pria_1759_outer_flow,0,55,,,,,https://p16-images-sign-sg.tokopedia-static.net/tos-alisg-i-aphluv4xwc-sg/img/VqbcmM/2021/3/14/f69c3ec8-29cf-4778-a729-8349c7c9fb1c.jpg~tplv-aphluv4xwc-white-pad-v1:250:250.jpeg?lk3s=67a35ccb&x-expires=1765980164&x-signature=bwsKnXBiNB3hDZTZAw5yLz0DFU8%3D&x-signature-webp=SIIYzTfZfYewt2nXGZgnxvxV5XY%3D,https://www.tokopedia.com/pmlg/kaos-kaki-pdl-jatah-polri,https://www.tokopedia.com/pmlg/kaos-kaki-pdl-jatah-polri,6763918,6763918,1731354426085640012,7494882944870222668,1731354426085705548,True,,,,,
True,0,,tokopedia://product/1256842945,,"[{""image_url"": ""https://p16-images-comn-sg.tokopedia-static.net/tos-alisg-i-zr7vqa5nfb-sg/img/goldmerchant/pm_activation/badge/Power%20Merchant%20Pro.png~tplv-zr7vqa5nfb-image.image"", ""title"": ""Kota Administrasi Jakarta Pusat""}]",product,60,1347,3615,3615,,,True,/discovery/clp_fashion pria_1759 - category_intermediary - #POSITION - nonlogin - product_card_revamp - - non topads - loungewear -  - #MEGA_TAB_VALUE,False,https://p16-images-sign-sg.tokopedia-static.net/tos-alisg-i-aphluv4xwc-sg/img/VqbcmM/2020/10/14/f61912ea-c773-4e0f-a28e-f7841ba7d0f4.jpg~tplv-aphluv4xwc-white-pad-v1:250:250.jpeg?lk3s=67a35ccb&x-expires=1765980164&x-signature=5NkwBADrdX7zx2RNzj7E7Jfz8QQ%3D&x-signature-webp=2kVzach1kwMGxuNQKHEcCtBfRHc%3D,https://p16-images-sign-sg.tokopedia-static.net/tos-alisg-i-aphluv4xwc-sg/img/VqbcmM/2020/10/14/f61912ea-c773-4e0f-a28e-f7841ba7d0f4.jpg~tplv-aphluv4xwc-white-pad-v1:250:250.jpeg?lk3s=67a35ccb&x-expires=1765980164&x-signature=5NkwBADrdX7zx2RNzj7E7Jfz8QQ%3D&x-signature-webp=2kVzach1kwMGxuNQKHEcCtBfRHc%3D,False,False,"[{""position"": ""ri_product_credibility"", ""title"": ""1rb+ terjual"", ""type"": """", ""url"": """"}, {""position"": ""overlay_1"", ""title"": ""Campaign"", ""type"": """", ""url"": ""https://p16-uploadpedia-sg.tokopedia-static.net/tos-alisg-i-zxty12jeln-sg/1a1a9cd24c9b5caae634820d21c316fd.png~tplv-zxty12jeln-image.image""}]",1,Kaos kaki pdl hitam polos murah limnas security satpam panjang Pria Kerja,0,,False,Rp13.500,1256842945,1256842945,5,4.9,injection,tokopedia://shop/3443194,3443194,3443194,Kota Administrasi Jakarta Pusat,,https://inbox.tokopedia.com/reputation/v1/badge/shop/3443194,https://www.tokopedia.com/wijayasakti,https://www.tokopedia.com/wijayasakti,False,ops_discovery_clp_fashion_pria_1759_outer_flow,0,896,,,,,https://p16-images-sign-sg.tokopedia-static.net/tos-alisg-i-aphluv4xwc-sg/img/VqbcmM/2020/10/14/f61912ea-c773-4e0f-a28e-f7841ba7d0f4.jpg~tplv-aphluv4xwc-white-pad-v1:250:250.jpeg?lk3s=67a35ccb&x-expires=1765980164&x-signature=5NkwBADrdX7zx2RNzj7E7Jfz8QQ%3D&x-signature-webp=2kVzach1kwMGxuNQKHEcCtBfRHc%3D,https://www.tokopedia.com/wijayasakti/kaos-kaki-pdl-hitam-polos-murah-limnas-security-satpam-panjang-pria-kerja-1731593039151989905,https://www.tokopedia.com/wijayasakti/kaos-kaki-pdl-hitam-polos-murah-limnas-security-satpam-panjang-pria-kerja-1731593039151989905,38377,38377,1731593039151989905,7494879282547689617,1731593039152055441,True,,,,,
True,0,,tokopedia://product/2465641609,,"[{""image_url"": ""https://p16-images-comn-sg.tokopedia-static.net/tos-alisg-i-zr7vqa5nfb-sg/img/goldmerchant/pm_activation/badge/Power%20Merchant%20Pro.png~tplv-zr7vqa5nfb-image.image"", ""title"": ""Kota Administrasi Jakarta Pusat""}]",product,34,51,1808,1808,,,True,/discovery/clp_fashion pria_1759 - category_intermediary - #POSITION - nonlogin - product_card_revamp - - non topads - loungewear -  - #MEGA_TAB_VALUE,False,https://p16-images-sign-sg.tokopedia-static.net/tos-alisg-i-aphluv4xwc-sg/img/VqbcmM/2021/11/26/01328fb6-9358-4d18-9692-e06c52e26d15.jpg~tplv-aphluv4xwc-white-pad-v1:250:250.jpeg?lk3s=67a35ccb&x-expires=1765980164&x-signature=UuymTVFkBjB7%2F2vWSkVwULsORsI%3D&x-signature-webp=TelzsoZYf5gPMAeInMUkiSHT%2Bv8%3D,https://p16-images-sign-sg.tokopedia-static.net/tos-alisg-i-aphluv4xwc-sg/img/VqbcmM/2021/11/26/01328fb6-9358-4d18-9692-e06c52e26d15.jpg~tplv-aphluv4xwc-white-pad-v1:250:250.jpeg?lk3s=67a35ccb&x-expires=1765980164&x-signature=UuymTVFkBjB7%2F2vWSkVwULsORsI%3D&x-signature-webp=TelzsoZYf5gPMAeInMUkiSHT%2Bv8%3D,False,False,"[{""position"": ""ri_product_credibility"", ""title"": ""50+ terjual"", ""type"": """", ""url"": """"}, {""position"": ""overlay_1"", ""title"": ""Campaign"", ""type"": """", ""url"": ""https://p16-uploadpedia-sg.tokopedia-static.net/tos-alisg-i-zxty12jeln-sg/1a1a9cd24c9b5caae634820d21c316fd.png~tplv-zxty12jeln-image.image""}]",1,kaos sablon anime one piece BIGSIZE lengan pendek cotton combed 30s,2465641603,2465641603,False,Rp68.500,2465641609,2465641609,5,4.8,injection,tokopedia://shop/12510899,12510899,12510899,Kota Administrasi Jakarta Pusat,,https://inbox.tokopedia.com/reputation/v1/badge/shop/12510899,https://www.tokopedia.com/fitrenapparel-,https://www.tokopedia.com/fitrenapparel-,False,ops_discovery_clp_fashion_pria_1759_outer_flow,0,987,,,,,https://p16-images-sign-sg.tokopedia-static.net/tos-alisg-i-aphluv4xwc-sg/img/VqbcmM/2021/11/26/01328fb6-9358-4d18-9692-e06c52e26d15.jpg~tplv-aphluv4xwc-white-pad-v1:250:250.jpeg?lk3s=67a35ccb&x-expires=1765980164&x-signature=UuymTVFkBjB7%2F2vWSkVwULsORsI%3D&x-signature-webp=TelzsoZYf5gPMAeInMUkiSHT%2Bv8%3D,https://www.tokopedia.com/fitrenapparel-/kaos-sablon-anime-one-piece-bigsize-lengan-pendek-cotton-combed-30s-navy-m,https://www.tokopedia.com/fitrenapparel-/kaos-sablon-anime-one-piece-bigsize-lengan-pendek-cotton-combed-30s-navy-m,12442055,12442055,1729861600456574643,7495818122893363891,1729861600459720371,True,,,,,
True,0,,tokopedia://product/2375599164,,"[{""image_url"": ""https://p16-images-comn-sg.tokopedia-static.net/tos-alisg-i-zr7vqa5nfb-sg/img/goldmerchant/pm_activation/badge/Power%20Merchant%20Pro.png~tplv-zr7vqa5nfb-image.image"", ""title"": ""Kota Administrasi Jakarta Pusat""}]",product,28,40,1808,1808,,,True,/discovery/clp_fashion pria_1759 - category_intermediary - #POSITION - nonlogin - product_card_revamp - - non topads - loungewear -  - #MEGA_TAB_VALUE,False,https://p16-images-sign-sg.tokopedia-static.net/tos-alisg-i-aphluv4xwc-sg/img/VqbcmM/2021/11/4/76f1f3c3-08bf-42d7-828a-37a641358c02.jpg~tplv-aphluv4xwc-white-pad-v1:250:250.jpeg?lk3s=67a35ccb&x-expires=1765980164&x-signature=oPzp4XCZ0UQnWUMcLDCGJzqlQ94%3D&x-signature-webp=jVa0Q9orkDz%2F28ycxcsXeOcst6s%3D,https://p16-images-sign-sg.tokopedia-static.net/tos-alisg-i-aphluv4xwc-sg/img/VqbcmM/2021/11/4/76f1f3c3-08bf-42d7-828a-37a641358c02.jpg~tplv-aphluv4xwc-white-pad-v1:250:250.jpeg?lk3s=67a35ccb&x-expires=1765980164&x-signature=oPzp4XCZ0UQnWUMcLDCGJzqlQ94%3D&x-signature-webp=jVa0Q9orkDz%2F28ycxcsXeOcst6s%3D,False,False,"[{""position"": ""ri_product_credibility"", ""title"": ""40+ terjual"", ""type"": """", ""url"": """"}, {""position"": ""overlay_1"", ""title"": ""Campaign"", ""type"": """", ""url"": ""https://p16-uploadpedia-sg.tokopedia-static.net/tos-alisg-i-zxty12jeln-sg/1a1a9cd24c9b5caae634820d21c316fd.png~tplv-zxty12jeln-image.image""}]",1,kaos distro pria distro lengan pendek cotton combed 30s L XL XXL XXXL.,2375599162,2375599162,False,Rp68.500,2375599164,2375599164,5,5.0,injection,tokopedia://shop/12510899,12510899,12510899,Kota Administrasi Jakarta Pusat,,https://inbox.tokopedia.com/reputation/v1/badge/shop/12510899,https://www.tokopedia.com/fitrenapparel-,https://www.tokopedia.com/fitrenapparel-,False,ops_discovery_clp_fashion_pria_1759_outer_flow,0,878,,,,,https://p16-images-sign-sg.tokopedia-static.net/tos-alisg-i-aphluv4xwc-sg/img/VqbcmM/2021/11/4/76f1f3c3-08bf-42d7-828a-37a641358c02.jpg~tplv-aphluv4xwc-white-pad-v1:250:250.jpeg?lk3s=67a35ccb&x-expires=1765980164&x-signature=oPzp4XCZ0UQnWUMcLDCGJzqlQ94%3D&x-signature-webp=jVa0Q9orkDz%2F28ycxcsXeOcst6s%3D,https://www.tokopedia.com/fitrenapparel-/kaos-distro-pria-distro-lengan-pendek-cotton-combed-30s-l-xl-xxl-xxxl-army-m,https://www.tokopedia.com/fitrenapparel-/kaos-distro-pria-distro-lengan-pendek-cotton-combed-30s-l-xl-xxl-xxxl-army-m,12442055,12442055,1729849310944921267,7495818122893363891,1729849312108775091,True,,,,,
True,0,,tokopedia://product/2690996259,,"[{""image_url"": ""https://p16-images-comn-sg.tokopedia-static.net/tos-alisg-i-zr7vqa5nfb-sg/img/goldmerchant/pm_activation/badge/Power%20Merchant%20Pro.png~tplv-zr7vqa5nfb-image.image"", ""title"": ""Kota Administrasi Jakarta Pusat""}]",product,12,21,1808,1808,,,True,/discovery/clp_fashion pria_1759 - category_intermediary - #POSITION - nonlogin - product_card_revamp - - non topads - loungewear -  - #MEGA_TAB_VALUE,False,https://p16-images-sign-sg.tokopedia-static.net/tos-alisg-i-aphluv4xwc-sg/img/VqbcmM/2022/1/8/147f58d5-0f9b-484e-8ffe-ae6a79d0760e.jpg~tplv-aphluv4xwc-white-pad-v1:250:250.jpeg?lk3s=67a35ccb&x-expires=1765980164&x-signature=LepF9WuUoTblAMFhx%2FJDDfWarQw%3D&x-signature-webp=21EvvmuCWQsbRUqUnZWTaHnW7RE%3D,https://p16-images-sign-sg.tokopedia-static.net/tos-alisg-i-aphluv4xwc-sg/img/VqbcmM/2022/1/8/147f58d5-0f9b-484e-8ffe-ae6a79d0760e.jpg~tplv-aphluv4xwc-white-pad-v1:250:250.jpeg?lk3s=67a35ccb&x-expires=1765980164&x-signature=LepF9WuUoTblAMFhx%2FJDDfWarQw%3D&x-signature-webp=21EvvmuCWQsbRUqUnZWTaHnW7RE%3D,False,False,"[{""position"": ""ri_product_credibility"", ""title"": ""21 terjual"", ""type"": """", ""url"": """"}, {""position"": ""overlay_1"", ""title"": ""Campaign"", ""type"": """", ""url"": ""https://p16-uploadpedia-sg.tokopedia-static.net/tos-alisg-i-zxty12jeln-sg/1a1a9cd24c9b5caae634820d21c316fd.png~tplv-zxty12jeln-image.image""}]",1,atasan kaos pria dewasa lengan pendek cotton combed 30s premium JUMBO,2690996246,2690996246,False,Rp68.900,2690996259,2690996259,5,4.8,injection,tokopedia://shop/12510899,12510899,12510899,Kota Administrasi Jakarta Pusat,,https://inbox.tokopedia.com/reputation/v1/badge/shop/12510899,https://www.tokopedia.com/fitrenapparel-,https://www.tokopedia.com/fitrenapparel-,False,ops_discovery_clp_fashion_pria_1759_outer_flow,0,987,,,,,https://p16-images-sign-sg.tokopedia-static.net/tos-alisg-i-aphluv4xwc-sg/img/VqbcmM/2022/1/8/147f58d5-0f9b-484e-8ffe-ae6a79d0760e.jpg~tplv-aphluv4xwc-white-pad-v1:250:250.jpeg?lk3s=67a35ccb&x-expires=1765980164&x-signature=LepF9WuUoTblAMFhx%2FJDDfWarQw%3D&x-signature-webp=21EvvmuCWQsbRUqUnZWTaHnW7RE%3D,https://www.tokopedia.com/fitrenapparel-/atasan-kaos-pria-dewasa-lengan-pendek-cotton-combed-30s-premium-jumbo-maroon-m,https://www.tokopedia.com/fitrenapparel-/atasan-kaos-pria-dewasa-lengan-pendek-cotton-combed-30s-premium-jumbo-maroon-m,12442055,12442055,1729901061485594291,7495818122893363891,1729901061487298227,True,,,,,
True,0,,tokopedia://product/714274510,,"[{""image_url"": ""https://p16-images-comn-sg.tokopedia-static.net/tos-alisg-i-zr7vqa5nfb-sg/img/goldmerchant/pm_activation/badge/Power%20Merchant%20Pro.png~tplv-zr7vqa5nfb-image.image"", ""title"": ""Kota Administrasi Jakarta Pusat""}]",product,183,384,3589,3589,,,True,/discovery/clp_fashion pria_1759 - category_intermediary - #POSITION - nonlogin - product_card_revamp - - non topads - loungewear -  - #MEGA_TAB_VALUE,False,https://p16-images-sign-sg.tokopedia-static.net/tos-alisg-i-aphluv4xwc-sg/img/VqbcmM/2022/3/21/0043211a-df69-489d-ba6e-ea935341f86c.jpg~tplv-aphluv4xwc-white-pad-v1:250:250.jpeg?lk3s=67a35ccb&x-expires=1765980164&x-signature=2E2WKiOmURmGeq8Iq%2Bh7m6aPa64%3D&x-signature-webp=Zr1KgX1nWGcHPB2Xn6OiWp9ev70%3D,https://p16-images-sign-sg.tokopedia-static.net/tos-alisg-i-aphluv4xwc-sg/img/VqbcmM/2022/3/21/0043211a-df69-489d-ba6e-ea935341f86c.jpg~tplv-aphluv4xwc-white-pad-v1:250:250.jpeg?lk3s=67a35ccb&x-expires=1765980164&x-signature=2E2WKiOmURmGeq8Iq%2Bh7m6aPa64%3D&x-signature-webp=Zr1KgX1nWGcHPB2Xn6OiWp9ev70%3D,False,False,"[{""position"": ""ri_product_credibility"", ""title"": ""250+ terjual"", ""type"": """", ""url"": """"}, {""position"": ""overlay_1"", ""title"": ""Campaign"", ""type"": """", ""url"": ""https://p16-uploadpedia-sg.tokopedia-static.net/tos-alisg-i-zxty12jeln-sg/1a1a9cd24c9b5caae634820d21c316fd.png~tplv-zxty12jeln-image.image""}]",1,Celana Joger Panjang Jumbo Jogger Panjang Pria Size 38 40 42 44,714274497,714274497,False,Rp170.000,714274510,714274510,5,4.9,injection,tokopedia://shop/7834214,7834214,7834214,Kota Administrasi Jakarta Pusat,,https://inbox.tokopedia.com/reputation/v1/badge/shop/7834214,https://www.tokopedia.com/gid-4,https://www.tokopedia.com/gid-4,False,ops_discovery_clp_fashion_pria_1759_outer_flow,0,494,,,,,https://p16-images-sign-sg.tokopedia-static.net/tos-alisg-i-aphluv4xwc-sg/img/VqbcmM/2022/3/21/0043211a-df69-489d-ba6e-ea935341f86c.jpg~tplv-aphluv4xwc-white-pad-v1:250:250.jpeg?lk3s=67a35ccb&x-expires=1765980164&x-signature=2E2WKiOmURmGeq8Iq%2Bh7m6aPa64%3D&x-signature-webp=Zr1KgX1nWGcHPB2Xn6OiWp9ev70%3D,https://www.tokopedia.com/gid-4/celana-joger-panjang-jumbo-jogger-panjang-pria-size-38-40-42-44-1729827512424957423,https://www.tokopedia.com/gid-4/celana-joger-panjang-jumbo-jogger-panjang-pria-size-38-40-42-44-1729827512424957423,8039500,8039500,1729827512424564207,7495814762479389167,1729827512424957423,True,,,,,
True,0,,tokopedia://product/810457477,,"[{""image_url"": ""https://p16-images-comn-sg.tokopedia-static.net/tos-alisg-i-zr7vqa5nfb-sg/img/goldmerchant/pm_activation/badge/Power%20Merchant%20Pro.png~tplv-zr7vqa5nfb-image.image"", ""title"": ""Kota Administrasi Jakarta Pusat""}]",product,112,375,1841,1841,,,True,/discovery/clp_fashion pria_1759 - category_intermediary - #POSITION - nonlogin - product_card_revamp - - non topads - loungewear -  - #MEGA_TAB_VALUE,False,https://p19-images-sign-sg.tokopedia-static.net/tos-alisg-i-aphluv4xwc-sg/img/product-1/2020/7/31/116862/116862_86d04934-9643-4b8b-a9fd-0ed9c7457172_2048_2048~tplv-aphluv4xwc-white-pad-v1:250:250.jpeg?lk3s=67a35ccb&x-expires=1765980164&x-signature=tfzKwlsM2Nz5kW%2FdaPTG8V2Md8Q%3D&x-signature-webp=ANXZHi%2B9BnyZp9s83isaFf%2B9n84%3D,https://p19-images-sign-sg.tokopedia-static.net/tos-alisg-i-aphluv4xwc-sg/img/product-1/2020/7/31/116862/116862_86d04934-9643-4b8b-a9fd-0ed9c7457172_2048_2048~tplv-aphluv4xwc-white-pad-v1:250:250.jpeg?lk3s=67a35ccb&x-expires=1765980164&x-signature=tfzKwlsM2Nz5kW%2FdaPTG8V2Md8Q%3D&x-signature-webp=ANXZHi%2B9BnyZp9s83isaFf%2B9n84%3D,False,False,"[{""position"": ""ri_product_credibility"", ""title"": ""250+ terjual"", ""type"": """", ""url"": """"}, {""position"": ""overlay_1"", ""title"": ""Campaign"", ""type"": """", ""url"": ""https://p16-uploadpedia-sg.tokopedia-static.net/tos-alisg-i-zxty12jeln-sg/1a1a9cd24c9b5caae634820d21c316fd.png~tplv-zxty12jeln-image.image""}]",1,Celana Dalam Crocodile 006,50290615,50290615,False,Rp68.900,810457477,810457477,5,4.9,injection,tokopedia://shop/389456,389456,389456,Kota Administrasi Jakarta Pusat,,https://inbox.tokopedia.com/reputation/v1/badge/shop/389456,https://www.tokopedia.com/stefieshop,https://www.tokopedia.com/stefieshop,False,ops_discovery_clp_fashion_pria_1759_outer_flow,0,27,,,,,https://p19-images-sign-sg.tokopedia-static.net/tos-alisg-i-aphluv4xwc-sg/img/product-1/2020/7/31/116862/116862_86d04934-9643-4b8b-a9fd-0ed9c7457172_2048_2048~tplv-aphluv4xwc-white-pad-v1:250:250.jpeg?lk3s=67a35ccb&x-expires=1765980164&x-signature=tfzKwlsM2Nz5kW%2FdaPTG8V2Md8Q%3D&x-signature-webp=ANXZHi%2B9BnyZp9s83isaFf%2B9n84%3D,https://www.tokopedia.com/stefieshop/celana-dalam-crocodile-006-s,https://www.tokopedia.com/stefieshop/celana-dalam-crocodile-006-s,331109,331109,1731115227401323897,7494814669618186617,1731115227401389433,True,,,,,
True,0,,tokopedia://product/2559321254,,"[{""image_url"": ""https://p16-images-comn-sg.tokopedia-static.net/tos-alisg-i-zr7vqa5nfb-sg/img/goldmerchant/pm_activation/badge/Power%20Merchant%20Pro.png~tplv-zr7vqa5nfb-image.image"", ""title"": ""Kota Administrasi Jakarta Pusat""}]",product,45,241,1808,1808,,,True,/discovery/clp_fashion pria_1759 - category_intermediary - #POSITION - nonlogin - product_card_revamp - - non topads - loungewear -  - #MEGA_TAB_VALUE,False,https://p16-images-sign-sg.tokopedia-static.net/tos-alisg-i-aphluv4xwc-sg/img/VqbcmM/2022/5/15/659f8a17-ff6a-453a-b40d-332a9f7120e1.png~tplv-aphluv4xwc-white-pad-v1:250:250.jpeg?lk3s=67a35ccb&x-expires=1765980166&x-signature=HERP%2FGCBtDhWkVvKoCwfC4zQ10w%3D&x-signature-webp=tYUbY9ww7BARpzj4SgJiGwnSYnA%3D,https://p16-images-sign-sg.tokopedia-static.net/tos-alisg-i-aphluv4xwc-sg/img/VqbcmM/2022/5/15/659f8a17-ff6a-453a-b40d-332a9f7120e1.png~tplv-aphluv4xwc-white-pad-v1:250:250.jpeg?lk3s=67a35ccb&x-expires=1765980166&x-signature=HERP%2FGCBtDhWkVvKoCwfC4zQ10w%3D&x-signature-webp=tYUbY9ww7BARpzj4SgJiGwnSYnA%3D,False,False,"[{""position"": ""ri_product_credibility"", ""title"": ""100+ terjual"", ""type"": """", ""url"": """"}, {""position"": ""overlay_1"", ""title"": ""Campaign"", ""type"": """", ""url"": ""https://p16-uploadpedia-sg.tokopedia-static.net/tos-alisg-i-zxty12jeln-sg/1a1a9cd24c9b5caae634820d21c316fd.png~tplv-zxty12jeln-image.image""}]",1,baju kaos polos cowo pria lengan pendek cotton combed 30s JUMBO XXXL,2559321245,2559321245,False,Rp65.000,2559321254,2559321254,5,5.0,injection,tokopedia://shop/12510899,12510899,12510899,Kota Administrasi Jakarta Pusat,,https://inbox.tokopedia.com/reputation/v1/badge/shop/12510899,https://www.tokopedia.com/fitrenapparel-,https://www.tokopedia.com/fitrenapparel-,False,ops_discovery_clp_fashion_pria_1759_outer_flow,0,984,,,,,https://p16-images-sign-sg.tokopedia-static.net/tos-alisg-i-aphluv4xwc-sg/img/VqbcmM/2022/5/15/659f8a17-ff6a-453a-b40d-332a9f7120e1.png~tplv-aphluv4xwc-white-pad-v1:250:250.jpeg?lk3s=67a35ccb&x-expires=1765980166&x-signature=HERP%2FGCBtDhWkVvKoCwfC4zQ10w%3D&x-signature-webp=tYUbY9ww7BARpzj4SgJiGwnSYnA%3D,https://www.tokopedia.com/fitrenapparel-/baju-kaos-polos-cowo-pria-lengan-pendek-cotton-combed-30s-jumbo-xxxl-abutua-xxl,https://www.tokopedia.com/fitrenapparel-/baju-kaos-polos-cowo-pria-lengan-pendek-cotton-combed-30s-jumbo-xxxl-abutua-xxl,12442055,12442055,1729879481404589747,7495818122893363891,1729879481406031539,True,,,,,
True,0,,tokopedia://product/1597756169,,"[{""image_url"": ""https://p16-images-comn-sg.tokopedia-static.net/tos-alisg-i-zr7vqa5nfb-sg/img/goldmerchant/pm_activation/badge/Power%20Merchant%20Pro.png~tplv-zr7vqa5nfb-image.image"", ""title"": ""Kota Administrasi Jakarta Pusat""}]",product,58,119,1827,1827,,,True,/discovery/clp_fashion pria_1759 - category_intermediary - #POSITION - nonlogin - product_card_revamp - - non topads - loungewear -  - #MEGA_TAB_VALUE,False,https://p16-images-sign-sg.tokopedia-static.net/tos-alisg-i-aphluv4xwc-sg/c8e00100f80446f38351853acd3e94e8~tplv-aphluv4xwc-white-pad-v1:250:250.jpeg?lk3s=67a35ccb&x-expires=1765980166&x-signature=Ydoe%2BXlE9JDCno5ydj%2B0tms6lvQ%3D&x-signature-webp=yWSn0%2BsjoJOfrELsl1FDmIdaHIo%3D,https://p16-images-sign-sg.tokopedia-static.net/tos-alisg-i-aphluv4xwc-sg/c8e00100f80446f38351853acd3e94e8~tplv-aphluv4xwc-white-pad-v1:250:250.jpeg?lk3s=67a35ccb&x-expires=1765980166&x-signature=Ydoe%2BXlE9JDCno5ydj%2B0tms6lvQ%3D&x-signature-webp=yWSn0%2BsjoJOfrELsl1FDmIdaHIo%3D,False,False,"[{""position"": ""ri_product_credibility"", ""title"": ""100+ terjual"", ""type"": """", ""url"": """"}, {""position"": ""overlay_1"", ""title"": ""Campaign"", ""type"": """", ""url"": ""https://p16-uploadpedia-sg.tokopedia-static.net/tos-alisg-i-zxty12jeln-sg/1a1a9cd24c9b5caae634820d21c316fd.png~tplv-zxty12jeln-image.image""}]",1,Celana Pendek Jumbo Pria / Celana Pendek Chino Katun Jumbo pria,786908068,786908068,False,Rp165.000,1597756169,1597756169,5,4.9,injection,tokopedia://shop/4716894,4716894,4716894,Kota Administrasi Jakarta Pusat,,https://inbox.tokopedia.com/reputation/v1/badge/shop/4716894,https://www.tokopedia.com/topibulatfashion,https://www.tokopedia.com/topibulatfashion,False,ops_discovery_clp_fashion_pria_1759_outer_flow,0,10,,,,,https://p16-images-sign-sg.tokopedia-static.net/tos-alisg-i-aphluv4xwc-sg/c8e00100f80446f38351853acd3e94e8~tplv-aphluv4xwc-white-pad-v1:250:250.jpeg?lk3s=67a35ccb&x-expires=1765980166&x-signature=Ydoe%2BXlE9JDCno5ydj%2B0tms6lvQ%3D&x-signature-webp=yWSn0%2BsjoJOfrELsl1FDmIdaHIo%3D,https://www.tokopedia.com/topibulatfashion/celana-pendek-jumbo-pria-celana-pendek-chino-katun-jumbo-pria-1729838122940532518,https://www.tokopedia.com/topibulatfashion/celana-pendek-jumbo-pria-celana-pendek-chino-katun-jumbo-pria-1729838122940532518,3396208,3396208,1729838122940335910,7495815236727638822,1729838122940532518,,,,,,
True,0,,tokopedia://product/12853355492,,"[{""image_url"": ""https://p16-images-comn-sg.tokopedia-static.net/tos-alisg-i-zr7vqa5nfb-sg/img/goldmerchant/pm_activation/badge/Power%20Merchant%20Pro.png~tplv-zr7vqa5nfb-image.image"", ""title"": ""Kota Administrasi Jakarta Pusat""}]",product,553,2066,1841,1841,,,True,/discovery/clp_fashion pria_1759 - category_intermediary - #POSITION - nonlogin - product_card_revamp - - non topads - loungewear -  - #MEGA_TAB_VALUE,False,https://p16-images-sign-sg.tokopedia-static.net/tos-alisg-i-aphluv4xwc-sg/img/VqbcmM/2021/10/24/558043a6-266f-4437-9016-42e92f092b2e.jpg~tplv-aphluv4xwc-white-pad-v1:250:250.jpeg?lk3s=67a35ccb&x-expires=1765980166&x-signature=2PsQ32GTr6gL3z98EzNr766KVzQ%3D&x-signature-webp=%2FS0J4qw%2F3o2cr92z0h1w%2FP6SoWo%3D,https://p16-images-sign-sg.tokopedia-static.net/tos-alisg-i-aphluv4xwc-sg/img/VqbcmM/2021/10/24/558043a6-266f-4437-9016-42e92f092b2e.jpg~tplv-aphluv4xwc-white-pad-v1:250:250.jpeg?lk3s=67a35ccb&x-expires=1765980166&x-signature=2PsQ32GTr6gL3z98EzNr766KVzQ%3D&x-signature-webp=%2FS0J4qw%2F3o2cr92z0h1w%2FP6SoWo%3D,False,False,"[{""position"": ""ri_product_credibility"", ""title"": ""2rb+ terjual"", ""type"": """", ""url"": """"}, {""position"": ""overlay_1"", ""title"": ""Campaign"", ""type"": """", ""url"": ""https://p16-uploadpedia-sg.tokopedia-static.net/tos-alisg-i-zxty12jeln-sg/1a1a9cd24c9b5caae634820d21c316fd.png~tplv-zxty12jeln-image.image""}]",1,CELANA DALEM HERNIA DEWASA/CELANA HERNIA/CELANA DALEM PRIA,2102329655,2102329655,False,Rp39.500,12853355492,12853355492,5,4.9,injection,tokopedia://shop/3939209,3939209,3939209,Kota Administrasi Jakarta Pusat,,https://inbox.tokopedia.com/reputation/v1/badge/shop/3939209,https://www.tokopedia.com/kismii,https://www.tokopedia.com/kismii,False,ops_discovery_clp_fashion_pria_1759_outer_flow,0,500,,,,,https://p16-images-sign-sg.tokopedia-static.net/tos-alisg-i-aphluv4xwc-sg/img/VqbcmM/2021/10/24/558043a6-266f-4437-9016-42e92f092b2e.jpg~tplv-aphluv4xwc-white-pad-v1:250:250.jpeg?lk3s=67a35ccb&x-expires=1765980166&x-signature=2PsQ32GTr6gL3z98EzNr766KVzQ%3D&x-signature-webp=%2FS0J4qw%2F3o2cr92z0h1w%2FP6SoWo%3D,https://www.tokopedia.com/kismii/celana-dalem-hernia-dewasa-celana-hernia-celana-dalem-pria-atletic-navy-4-l-jumbo-bb19d,https://www.tokopedia.com/kismii/celana-dalem-hernia-dewasa-celana-hernia-celana-dalem-pria-atletic-navy-4-l-jumbo-bb19d,11146,11146,1732184059774994327,7494772055656991639,1732184059776370583,True,,,,,
True,0,,tokopedia://product/1687614158,,"[{""image_url"": ""https://p16-images-comn-sg.tokopedia-static.net/tos-alisg-i-zr7vqa5nfb-sg/img/goldmerchant/pm_activation/badge/Power%20Merchant%20Pro.png~tplv-zr7vqa5nfb-image.image"", ""title"": ""Kota Administrasi Jakarta Pusat""}]",product,1,9,1808,1808,,,True,/discovery/clp_fashion pria_1759 - category_intermediary - #POSITION - nonlogin - product_card_revamp - - non topads - loungewear -  - #MEGA_TAB_VALUE,False,https://p16-images-sign-sg.tokopedia-static.net/tos-alisg-i-aphluv4xwc-sg/img/VqbcmM/2021/3/20/1d637b26-a060-4f40-846c-c5f64e4ecd0f.jpg~tplv-aphluv4xwc-white-pad-v1:250:250.jpeg?lk3s=67a35ccb&x-expires=1765980166&x-signature=WEnWnH56%2FvO9sWyoHQ3viyZNv3s%3D&x-signature-webp=jQx2b4outm1Fz%2Bsg2I58ye2YLcI%3D,https://p16-images-sign-sg.tokopedia-static.net/tos-alisg-i-aphluv4xwc-sg/img/VqbcmM/2021/3/20/1d637b26-a060-4f40-846c-c5f64e4ecd0f.jpg~tplv-aphluv4xwc-white-pad-v1:250:250.jpeg?lk3s=67a35ccb&x-expires=1765980166&x-signature=WEnWnH56%2FvO9sWyoHQ3viyZNv3s%3D&x-signature-webp=jQx2b4outm1Fz%2Bsg2I58ye2YLcI%3D,False,False,"[{""position"": ""ri_product_credibility"", ""title"": ""9 terjual"", ""type"": """", ""url"": """"}, {""position"": ""overlay_1"", ""title"": ""Campaign"", ""type"": """", ""url"": ""https://p16-uploadpedia-sg.tokopedia-static.net/tos-alisg-i-zxty12jeln-sg/1a1a9cd24c9b5caae634820d21c316fd.png~tplv-zxty12jeln-image.image""}]",1,kaos paskibra#kaos peserta paskibra,0,,False,Rp50.000,1687614158,1687614158,5,5.0,injection,tokopedia://shop/6644097,6644097,6644097,Kota Administrasi Jakarta Pusat,,https://inbox.tokopedia.com/reputation/v1/badge/shop/6644097,https://www.tokopedia.com/aqilakaniashop,https://www.tokopedia.com/aqilakaniashop,False,ops_discovery_clp_fashion_pria_1759_outer_flow,0,291,,,,,https://p16-images-sign-sg.tokopedia-static.net/tos-alisg-i-aphluv4xwc-sg/img/VqbcmM/2021/3/20/1d637b26-a060-4f40-846c-c5f64e4ecd0f.jpg~tplv-aphluv4xwc-white-pad-v1:250:250.jpeg?lk3s=67a35ccb&x-expires=1765980166&x-signature=WEnWnH56%2FvO9sWyoHQ3viyZNv3s%3D&x-signature-webp=jQx2b4outm1Fz%2Bsg2I58ye2YLcI%3D,https://www.tokopedia.com/aqilakaniashop/kaos-paskibra-kaos-peserta-paskibra,https://www.tokopedia.com/aqilakaniashop/kaos-paskibra-kaos-peserta-paskibra,6852953,6852953,1732656119851025440,7495071254279391264,1732656119851090976,True,,,,,
True,0,,tokopedia://product/1031935093,,"[{""image_url"": ""https://p16-images-comn-sg.tokopedia-static.net/tos-alisg-i-zr7vqa5nfb-sg/img/goldmerchant/pm_activation/badge/Power%20Merchant%20Pro.png~tplv-zr7vqa5nfb-image.image"", ""title"": ""Kota Administrasi Jakarta Pusat""}]",product,100,228,3589,3589,,,True,/discovery/clp_fashion pria_1759 - category_intermediary - #POSITION - nonlogin - product_card_revamp - - non topads - loungewear -  - #MEGA_TAB_VALUE,False,https://p16-images-sign-sg.tokopedia-static.net/tos-alisg-i-aphluv4xwc-sg/img/VqbcmM/2020/7/17/3c3bb12f-f9df-4ca7-9959-636a8f902cd4.jpg~tplv-aphluv4xwc-white-pad-v1:250:250.jpeg?lk3s=67a35ccb&x-expires=1765980166&x-signature=nJdl3j1S05RMXVGmmu7Vawm0erE%3D&x-signature-webp=TUcq7XqZDQi4Fl02w%2Bph0M4uh9Y%3D,https://p16-images-sign-sg.tokopedia-static.net/tos-alisg-i-aphluv4xwc-sg/img/VqbcmM/2020/7/17/3c3bb12f-f9df-4ca7-9959-636a8f902cd4.jpg~tplv-aphluv4xwc-white-pad-v1:250:250.jpeg?lk3s=67a35ccb&x-expires=1765980166&x-signature=nJdl3j1S05RMXVGmmu7Vawm0erE%3D&x-signature-webp=TUcq7XqZDQi4Fl02w%2Bph0M4uh9Y%3D,False,False,"[{""position"": ""shipping"", ""title"": ""COD"", ""type"": ""textLightGrey"", ""url"": """"}, {""position"": ""ri_product_credibility"", ""title"": ""100+ terjual"", ""type"": """", ""url"": """"}, {""position"": ""overlay_1"", ""title"": ""Campaign"", ""type"": """", ""url"": ""https://p16-uploadpedia-sg.tokopedia-static.net/tos-alisg-i-zxty12jeln-sg/1a1a9cd24c9b5caae634820d21c316fd.png~tplv-zxty12jeln-image.image""}]",1,Celana Joger Pendek Jumbo Size 38 40 42 44,1031935090,1031935090,False,Rp160.000,1031935093,1031935093,5,4.7,injection,tokopedia://shop/7834214,7834214,7834214,Kota Administrasi Jakarta Pusat,,https://inbox.tokopedia.com/reputation/v1/badge/shop/7834214,https://www.tokopedia.com/gid-4,https://www.tokopedia.com/gid-4,False,ops_discovery_clp_fashion_pria_1759_outer_flow,0,495,,,,,https://p16-images-sign-sg.tokopedia-static.net/tos-alisg-i-aphluv4xwc-sg/img/VqbcmM/2020/7/17/3c3bb12f-f9df-4ca7-9959-636a8f902cd4.jpg~tplv-aphluv4xwc-white-pad-v1:250:250.jpeg?lk3s=67a35ccb&x-expires=1765980166&x-signature=nJdl3j1S05RMXVGmmu7Vawm0erE%3D&x-signature-webp=TUcq7XqZDQi4Fl02w%2Bph0M4uh9Y%3D,https://www.tokopedia.com/gid-4/celana-joger-pendek-jumbo-size-38-40-42-44-hitam-38,https://www.tokopedia.com/gid-4/celana-joger-pendek-jumbo-size-38-40-42-44-hitam-38,8039500,8039500,1729802969885869551,7495814762479389167,1729802969886393839,,,,,,
True,0,,tokopedia://product/1071043658,,"[{""image_url"": ""https://p16-images-comn-sg.tokopedia-static.net/tos-alisg-i-zr7vqa5nfb-sg/img/goldmerchant/pm_activation/badge/Power%20Merchant%20Pro.png~tplv-zr7vqa5nfb-image.image"", ""title"": ""Kota Administrasi Jakarta Pusat""}]",product,44,114,1840,1840,,,True,/discovery/clp_fashion pria_1759 - category_intermediary - #POSITION - nonlogin - product_card_revamp - - non topads - loungewear -  - #MEGA_TAB_VALUE,False,https://p16-images-sign-sg.tokopedia-static.net/tos-alisg-i-aphluv4xwc-sg/img/product-1/2020/8/4/116862/116862_e67a5b1a-5c39-4f8b-833d-18f3b318081e_2048_2048~tplv-aphluv4xwc-white-pad-v1:250:250.jpeg?lk3s=67a35ccb&x-expires=1765980166&x-signature=lc6K1ehcFG%2B%2BWPK7JOd3NRyBih4%3D&x-signature-webp=gVe3Zcej3LRhY8iEvTjsytzct64%3D,https://p16-images-sign-sg.tokopedia-static.net/tos-alisg-i-aphluv4xwc-sg/img/product-1/2020/8/4/116862/116862_e67a5b1a-5c39-4f8b-833d-18f3b318081e_2048_2048~tplv-aphluv4xwc-white-pad-v1:250:250.jpeg?lk3s=67a35ccb&x-expires=1765980166&x-signature=lc6K1ehcFG%2B%2BWPK7JOd3NRyBih4%3D&x-signature-webp=gVe3Zcej3LRhY8iEvTjsytzct64%3D,False,False,"[{""position"": ""ri_product_credibility"", ""title"": ""100+ terjual"", ""type"": """", ""url"": """"}, {""position"": ""overlay_1"", ""title"": ""Campaign"", ""type"": """", ""url"": ""https://p16-uploadpedia-sg.tokopedia-static.net/tos-alisg-i-zxty12jeln-sg/1a1a9cd24c9b5caae634820d21c316fd.png~tplv-zxty12jeln-image.image""}]",1,Oblong Crocodile 809 Warna,1071043646,1071043646,False,Rp57.900,1071043658,1071043658,5,5.0,injection,tokopedia://shop/389456,389456,389456,Kota Administrasi Jakarta Pusat,,https://inbox.tokopedia.com/reputation/v1/badge/shop/389456,https://www.tokopedia.com/stefieshop,https://www.tokopedia.com/stefieshop,False,ops_discovery_clp_fashion_pria_1759_outer_flow,0,12,,,,,https://p16-images-sign-sg.tokopedia-static.net/tos-alisg-i-aphluv4xwc-sg/img/product-1/2020/8/4/116862/116862_e67a5b1a-5c39-4f8b-833d-18f3b318081e_2048_2048~tplv-aphluv4xwc-white-pad-v1:250:250.jpeg?lk3s=67a35ccb&x-expires=1765980166&x-signature=lc6K1ehcFG%2B%2BWPK7JOd3NRyBih4%3D&x-signature-webp=gVe3Zcej3LRhY8iEvTjsytzct64%3D,https://www.tokopedia.com/stefieshop/oblong-crocodile-809-warna-s,https://www.tokopedia.com/stefieshop/oblong-crocodile-809-warna-s,331109,331109,1731115227982693753,7494814669618186617,1731115227982759289,True,,,,,
True,0,,tokopedia://product/1071115034,,"[{""image_url"": ""https://p16-images-comn-sg.tokopedia-static.net/tos-alisg-i-zr7vqa5nfb-sg/img/goldmerchant/pm_activation/badge/Power%20Merchant%20Pro.png~tplv-zr7vqa5nfb-image.image"", ""title"": ""Kota Administrasi Jakarta Pusat""}]",product,146,649,1840,1840,,,True,/discovery/clp_fashion pria_1759 - category_intermediary - #POSITION - nonlogin - product_card_revamp - - non topads - loungewear -  - #MEGA_TAB_VALUE,False,https://p16-images-sign-sg.tokopedia-static.net/tos-alisg-i-aphluv4xwc-sg/img/product-1/2020/8/4/116862/116862_364d1c12-7c80-40e9-a296-f8eae237b7fe_2048_2048~tplv-aphluv4xwc-white-pad-v1:250:250.jpeg?lk3s=67a35ccb&x-expires=1765980166&x-signature=4RECwPNV6lZsz9iaWy4CIV45iPY%3D&x-signature-webp=Hg%2F%2FvRRxSTD09WbfYuNvsd%2Bb%2BKk%3D,https://p16-images-sign-sg.tokopedia-static.net/tos-alisg-i-aphluv4xwc-sg/img/product-1/2020/8/4/116862/116862_364d1c12-7c80-40e9-a296-f8eae237b7fe_2048_2048~tplv-aphluv4xwc-white-pad-v1:250:250.jpeg?lk3s=67a35ccb&x-expires=1765980166&x-signature=4RECwPNV6lZsz9iaWy4CIV45iPY%3D&x-signature-webp=Hg%2F%2FvRRxSTD09WbfYuNvsd%2Bb%2BKk%3D,False,False,"[{""position"": ""ri_product_credibility"", ""title"": ""500+ terjual"", ""type"": """", ""url"": """"}, {""position"": ""overlay_1"", ""title"": ""Campaign"", ""type"": """", ""url"": ""https://p16-uploadpedia-sg.tokopedia-static.net/tos-alisg-i-zxty12jeln-sg/1a1a9cd24c9b5caae634820d21c316fd.png~tplv-zxty12jeln-image.image""}]",1,Singlet Hings Hing's 32 34 36 kecil,1071115029,1071115029,False,Rp39.900,1071115034,1071115034,5,4.9,injection,tokopedia://shop/389456,389456,389456,Kota Administrasi Jakarta Pusat,,https://inbox.tokopedia.com/reputation/v1/badge/shop/389456,https://www.tokopedia.com/stefieshop,https://www.tokopedia.com/stefieshop,False,ops_discovery_clp_fashion_pria_1759_outer_flow,0,973,,,,,https://p16-images-sign-sg.tokopedia-static.net/tos-alisg-i-aphluv4xwc-sg/img/product-1/2020/8/4/116862/116862_364d1c12-7c80-40e9-a296-f8eae237b7fe_2048_2048~tplv-aphluv4xwc-white-pad-v1:250:250.jpeg?lk3s=67a35ccb&x-expires=1765980166&x-signature=4RECwPNV6lZsz9iaWy4CIV45iPY%3D&x-signature-webp=Hg%2F%2FvRRxSTD09WbfYuNvsd%2Bb%2BKk%3D,https://www.tokopedia.com/stefieshop/singlet-hings-hing-s-32-34-36-kecil-32,https://www.tokopedia.com/stefieshop/singlet-hings-hing-s-32-34-36-kecil-32,331109,331109,1731115229099427193,7494814669618186617,1731115229099492729,True,,,,,
